,MaxCarAvg,TimeSpentAvg,NumCarsAvg
0,75,0.9172532159959829,41.65362526058706
1,83,0.9916716242137902,44.487854744673406
2,77,0.8952567348360227,40.089510603762434
3,80,1.0039511459972197,45.79096825748036
4,79,0.943936375047672,41.24258567347266
5,72,0.869189588744557,41.66544807656993
6,75,0.8842437904805074,42.2431369016639
7,88,1.0481461015463065,50.05946577945832
8,82,0.9180268375604728,42.730309687915685
9,74,0.9524225839625992,45.64137269038864
10,64,0.9218451718069759,41.51076618570777
11,76,0.8462919412378587,41.44346885529089
12,73,0.8814947424054113,40.953173481021096
13,70,0.8511935581975125,37.360466770303084
14,85,0.9155064887099099,44.32285501649568
15,73,0.9345018163259617,43.00066788843863
16,85,0.9555018126793251,43.8350019653196
17,64,0.8479249273873559,38.8048940494425
18,90,1.0031858941920577,49.731110762048935
19,67,0.94123530520434,43.48463917688446
20,75,0.9289060053387692,42.93089401469604
21,98,0.992615664764849,47.03137051386931
22,79,0.9264011382127413,46.65347275104922
23,86,0.9807568336725426,45.23737564443665
24,70,0.926234405559914,43.05427912977904
25,80,0.9723968603441094,46.92205813119124
26,72,0.9362549900295373,41.29853510608199
27,78,0.9203062001563306,41.252585985306624
28,74,0.8638369994419645,40.66752272363539
29,100,0.9598031756717669,48.95694639170898
30,90,1.000576227126622,48.48902686227375
31,62,0.9080718624872514,43.334933270033346
32,95,0.9168096025720232,48.706083239634815
33,79,0.9500903463862824,45.754632611024306
34,78,0.9316051018422596,43.11699542680584
35,75,0.9753759143182017,42.32222017993988
36,80,0.9534747108710433,44.178481686197415
37,74,0.9473505979965682,43.54522088624564
38,87,0.8939599240606378,44.27142470038341
39,82,0.8981022687485258,41.323367282967645
40,77,0.9830614646706298,44.33781359342555
41,75,0.9418994647746812,45.98439998573011
42,62,0.8945011358244698,39.244596946802595
43,89,0.9488282770722117,46.49836905885801
44,89,0.931771593349332,45.48665250009362
45,76,0.9875412218412017,43.430916533311674
46,79,0.9648790403449105,46.81600875349686
47,72,0.92282576696744,40.04550763734366
48,70,0.9250207115574665,43.4700586791316
49,75,0.869211046858235,41.1977222385416
50,68,0.9318185809815696,40.609594428206165
51,80,0.9667382973402688,44.85528472608309
52,69,0.9265843052110904,40.07104646083325
53,80,0.9662470053451858,40.64091029220618
54,95,0.9919067142211733,43.39081264282878
55,79,0.9165414090062269,46.67950929637598
56,85,0.9806573525369467,49.37246781114035
57,77,0.9577077265405871,43.45698860797525
58,89,0.8876275044487194,41.5007815546683
59,80,0.8694035888623278,40.09807651280316
60,84,0.9756112934379914,45.852437100322234
61,89,1.0384409550790932,49.36855643544134
62,62,0.7991441187388474,35.57512023659499
63,63,0.8047149923691747,38.77054733942571
64,82,0.9312824928553427,45.786734624586316
65,92,0.9403128843432377,46.61312127076135
66,74,0.9688886727640883,45.36176758386428
67,70,0.8717527262203297,39.79200294325491
68,70,0.9984614950456134,44.683210274583665
69,72,0.9805286183070212,42.1392105858816
70,77,0.9275658210910153,44.66431811756356
71,74,0.9156341367576818,42.111230845079255
72,76,0.8929177787639145,42.39837250989001
73,72,0.9394981658148468,41.55115593419567
74,77,0.8635673046325284,39.930224805705315
75,87,1.0140398070688814,46.836023959578085
76,88,0.9758031929228951,46.40567867451142
77,83,0.9052693038017782,42.487911681444075
78,71,0.8943919905747916,41.162243290039555
79,90,0.9489249289976882,48.60523183056892
80,93,0.9450578859342488,47.438428771555216
81,85,0.9659985358270509,47.041850194582665
82,83,0.932623375420336,44.936126061415194
83,73,0.9264804807920658,42.73523544276811
84,93,0.991982498832644,47.914309419151856
85,85,0.9403630911780507,44.12810034429569
86,86,0.9806286847995129,45.7372993126359
87,84,0.9481122092169411,44.71927426117328
88,81,1.0269968387224124,47.793279465275674
89,80,0.9146620098746767,40.04462133335422
90,105,1.044947448192181,55.45226383762233
91,86,0.9023297062175875,43.64123082407561
92,85,1.0301840155997113,46.63960119769588
93,79,0.9091856468427557,41.968265685027355
94,62,0.8819369099423564,38.6459605353423
95,86,0.9789861367763698,45.32669890956682
96,79,0.9233925022583584,43.26453848383878
97,81,0.9415878366607477,45.491050282000195
98,81,1.0187272488120531,49.1647221158033
99,71,0.8508572268212977,38.448850488558996
100,83,1.0017017721871095,45.89968609962696
101,79,0.9337594091056878,42.71834183679405
102,82,0.9734349976566504,46.84012662232285
103,79,0.9083605294626742,47.58146426167785
104,74,0.8976316361430203,41.884263067964554
105,88,0.9294450397545326,46.309640185515114
106,93,0.9780080640673983,46.88774255864265
107,78,0.9631225250768469,43.12263434369287
108,85,0.9922381392515565,43.490466484945834
109,82,0.9121389291684291,45.01352911366504
110,86,0.95186872137237,46.47478595533521
111,72,0.9213859416593074,41.862424719317886
112,67,0.910661156418359,41.104476957832375
113,72,0.9378517170698434,40.77088724977164
114,79,0.9783689953154178,49.31756412224627
115,87,0.8943505472981339,44.67528052809348
116,66,0.8919214762771851,42.03742181507743
117,87,0.8983561004924152,46.88765188690791
118,82,0.9428345885858995,43.0093869488067
119,84,0.9159014368303147,45.53255544689027
120,81,1.0172470077819908,45.72261177342777
121,89,0.9327905296258117,42.83150438726834
122,80,0.940518821284019,42.11192920799298
123,76,0.9573802982742473,47.16833827788104
124,77,0.9616172332578008,45.44749449615445
125,91,0.9323111082722227,47.38913695134647
126,76,0.9656611812095863,46.30750398680318
127,78,0.9216276019280863,41.0052525001318
128,79,0.930228945561396,43.4742209847358
129,87,0.9617733613824244,46.3074897050262
130,79,0.9709845652325652,46.58620704651063
131,74,0.868208133240038,39.745381387281675
132,78,1.0166085374940392,45.00345299387813
133,84,0.9313845104303933,43.51081304406914
134,84,0.9491203300763751,46.16407300810447
135,82,1.0746159900145087,49.553897669526776
136,88,0.9546163055393614,45.83827734390763
137,76,0.9873335629981344,47.200196417846975
138,76,0.9287700684738227,42.54273616754541
139,73,0.9497084054776679,43.13189914859732
140,66,1.0070690161226898,43.79114061684289
141,89,1.0081365412254721,46.24420466514351
142,93,0.9627310693244526,44.23225586676337
143,79,0.8707188593555322,44.361790944524415
144,82,0.9745756418890381,43.28509073476949
145,80,1.021956557035784,46.9255231220031
146,77,0.903871412888555,44.85652727152895
147,65,0.9363184041810156,41.263565500248376
148,80,0.9269568074138524,42.514483809563664
149,71,0.8532013776760965,39.507136677088376
150,83,0.8843676936847965,45.67188852104687
151,81,0.9866350821554851,47.573666389031025
152,68,0.9203525836570312,42.605371160843134
153,74,0.9403585486468128,44.00477868591019
154,82,0.9108720755251123,44.21400109407798
155,88,1.0007633029762548,47.28512854331052
156,89,0.9782715055899186,43.91329440215127
157,91,0.9517442859361238,45.67865148062058
158,69,0.8683873354047875,41.09722806964165
159,82,0.9381277534897493,46.45854745431445
160,74,1.026204389446898,45.6969083078564
161,75,0.8400608664125254,35.85664183565758
162,70,0.9440756651173804,42.458096472773974
163,66,0.8321275167622572,37.42662487276847
164,92,0.9173825090190127,45.08320590840778
165,77,0.997210151044253,42.79925874454262
166,96,0.9921290784596654,45.51948726057999
167,81,0.9371895740511023,43.14436009892493
168,81,0.9389895358896143,47.038422929479076
169,76,0.9742726682088719,45.447893311983165
170,76,1.0521506736983697,46.24459082484538
171,79,0.8705545218824713,43.8949862231528
172,105,0.986238741217659,49.1997214853103
173,84,1.0499386370798023,47.34058069466198
174,70,0.8955684041120816,38.77705639515573
175,87,0.9910345979996911,45.35229087649132
176,71,0.9551221526172936,43.976704311059926
177,89,0.9873417881033791,49.453112396283565
178,78,0.9311982944545496,44.6912253816767
179,81,0.9728667686058597,48.856675426676404
180,86,0.9740726543158661,44.98837351193063
181,65,0.8599408202151198,40.555352316805106
182,76,0.917654468678271,40.86822497747424
183,66,0.8432851701133438,38.19413022298467
184,77,0.9641904157228023,41.16427137872867
185,82,0.9023207321679039,41.78211852796978
186,72,0.9145017530147163,40.52854318353872
187,71,1.018397432365891,43.69904911502559
188,77,0.9880461752699566,46.852002311786016
189,69,0.8847087506683654,37.2032713815061
190,78,0.8979650106717914,44.25669029192588
191,96,0.8965586512229518,46.30669965032557
192,75,0.9242784434118155,44.905281035205434
193,91,0.9468106793819443,48.161974239404735
194,71,0.8568910600761025,38.61696786092827
195,84,0.9478178514337783,46.896433077748284
196,93,0.9194022840479694,47.6638476486783
197,71,0.9247200737021612,44.34829332419567
198,78,0.8812845619974843,41.29350094445587
199,75,0.9639705547721369,44.921375387494365
200,91,1.0218589694169484,46.353780089022955
201,87,0.9250198967335086,43.483530962394155
202,92,1.0873430743818011,52.25755588512168
203,72,0.8565576146202584,40.04254447558925
204,85,0.8898840445097478,45.367005172984676
205,83,1.000549913133459,46.34998070009108
206,79,0.8871647937398406,41.377598256031234
207,77,0.9366471892441345,48.769749283151704
208,87,0.8752641938106116,40.59917454722273
209,81,0.8761657419616259,40.12616973944711
210,67,0.8736492489558755,38.13975366034043
211,81,0.8366668187221596,40.9404700273309
212,78,0.8955724380176511,40.938267381735606
213,76,0.9808599496114966,44.76612661192987
214,83,0.968129249753169,46.55289565126095
215,85,0.9613796732750461,46.01668108224101
216,74,0.897152550397329,46.389783626129386
217,81,0.9874036557189696,45.823695054429145
218,87,1.0372801017175277,49.967334848181316
219,94,1.0909219134969896,51.48924481089628
220,81,0.9785993718423579,43.722783715211584
221,69,0.8855361099270055,43.37123464084845
222,78,0.9151002319633266,41.14965544632169
223,75,0.9045290061882301,42.078259289573005
224,94,0.9654454563226349,47.651941776758285
225,80,0.9496690889790018,44.31640389118862
226,81,0.9668968398492046,46.12307632159751
227,87,0.919818493278486,45.57283082743942
228,91,0.949575216345769,46.68608561050801
229,69,0.905974165744278,39.77081476653278
230,87,0.9909973944422503,47.87199382778729
231,76,0.880558051919821,40.923960046991134
232,78,0.9909172513623276,46.33956798763293
233,84,0.9777933206218374,43.67673072227203
234,67,0.8926375585852677,41.53304179908191
235,79,0.9444079718366064,44.82527578736497
236,76,0.9685293283961101,44.361303625296586
237,84,1.006865475247314,47.181983969924126
238,82,0.9232195274879639,45.06870859424343
239,75,0.8956961936666041,42.37290837727189
240,80,0.9388227301282619,44.360956374278196
241,69,0.8959373014102073,43.3735724449332
242,68,0.8775178718370811,42.62210474264459
243,94,1.041858517294505,51.325999140567916
244,85,0.9223194133800428,44.80490889276965
245,87,1.0031187003449167,47.23443825369146
246,84,0.9982503843641126,47.304727504828804
247,91,1.0342562406443283,48.593019374796484
248,76,0.9239254755590364,45.36751382424127
249,79,0.9919725998945207,49.028255091800084
250,73,0.9378980335959133,45.07424131696474
251,75,0.8808018312862964,43.04968057133598
252,97,1.028085825202374,48.482324057012825
253,69,0.9286357484590763,41.290094491484496
254,85,0.9664877253487499,46.7783644902641
255,80,0.9153405731539369,43.29241264791577
256,62,0.8386307568273482,36.48471145987216
257,71,0.9450442739302786,39.42573684505511
258,65,0.9619539874810745,39.10539628341976
259,85,0.9556137380629945,43.60099924409155
260,82,0.9884869663647633,46.603333946080625
261,80,0.990363858162733,45.47310044114816
262,71,0.9047232821549327,40.65039812906812
263,65,0.8292048876817275,38.243939636898624
264,83,0.9221414276164727,41.40081980566993
265,84,0.9567415391764076,46.55924421667071
266,77,0.9062053995298669,45.55605974401472
267,74,0.9573357992815477,41.925924759287824
268,82,0.8965058035575508,40.108317563912095
269,97,1.0121531407124673,48.40567651700073
270,80,0.8850453278527025,41.34325588885854
271,95,0.9642071079488731,47.717924082503714
272,79,0.9500807989878859,47.89651814328949
273,94,0.9535307735726248,48.956608066947695
274,80,0.9342407139719435,44.77398771079528
275,76,0.9276708941461532,43.87350794259635
276,80,0.9983357078057418,45.2266140185597
277,83,0.8813784618621159,44.93258901219971
278,84,1.0472367857854878,47.24343987311985
279,77,0.9525952618236069,44.35521294437927
280,82,0.9940378021035724,45.40677452256621
281,71,0.9273873327097197,41.687998201343376
282,85,1.0078530169138245,47.190093543250164
283,67,0.8702594711777316,37.44844841843157
284,69,0.8594416949259713,41.11620010543457
285,77,0.940384658032571,42.44002112522244
286,80,0.9639833437466833,44.15427144283524
287,93,1.0486942104018098,49.849764313494255
288,91,0.9293157336337222,48.167773926427884
289,63,0.8603219488204688,40.43483163978378
290,74,0.9533598763664723,42.20675286632855
291,86,1.0107014529338232,48.25691884950127
292,72,0.9060858705972153,42.08493894503697
293,70,0.8907959477627251,41.39703927875143
294,78,0.9351696651457645,44.98489781971039
295,73,0.9701981884905855,40.50864031018102
296,78,0.9206271339201718,44.400032285604304
297,77,1.001984541270948,47.187066001575374
298,71,0.9185523280232243,43.75427363931618
299,83,0.8968935435447288,44.57942493743019
300,72,0.9366590046006438,41.88696085858046
301,90,0.9372471854868756,45.78749067610547
302,84,0.9464354077617229,44.78067356285841
303,83,0.9058808886689058,43.3272173086343
304,76,0.7958349325921343,39.46365405808824
305,72,0.9270351499473362,42.63818028511721
306,79,0.9515598407107415,41.36988208434859
307,91,1.0709199216281595,51.11872828495531
308,82,0.9341795001394103,45.025403573193785
309,93,0.960681149598176,47.422729604147264
310,85,0.9633206036138566,42.937707050814396
311,84,1.0301026966123454,46.95076186697379
312,71,0.9584372942684458,42.5838595520639
313,72,0.8590184201763461,41.00654961907489
314,73,0.9001464596525244,40.04994428266003
315,82,0.9368744755402852,47.1603513277911
316,64,0.857996775736553,38.46682500421632
317,70,0.8998213657204455,40.10984080803329
318,73,0.8486721953698658,42.99311641419651
319,82,0.9546985445422629,48.275235214601764
320,80,0.9827816385091888,43.37049593232191
321,74,0.9567688611813348,40.9219427983069
322,90,1.01575618918153,54.00949234188124
323,95,0.9611287252902091,49.806867515192046
324,85,0.934437425609388,44.76153453359922
325,72,0.9154842044225663,42.49780224608272
326,80,0.9604109288607396,46.015986292598235
327,87,1.0136668138353226,48.26945455413411
328,68,0.9078853375147058,39.15740872500669
329,101,0.9529602944992641,48.49907424900244
330,88,0.954114271373367,43.98261915894301
331,80,0.9626534579880898,48.25627567713695
332,79,0.9630505158592331,44.60331906134086
333,77,0.9281212910147063,45.710353812534784
334,82,0.9173240810496992,41.455384511078314
335,79,0.9348019680168805,41.2906300544068
336,97,0.9781922069173035,45.7384622273113
337,87,0.9793372167042841,48.871302106047594
338,76,0.9678720816829766,46.04152862011814
339,69,0.8943291714930737,40.898115244431025
340,83,1.0062928738559267,45.6008157839077
341,87,0.8762898032507961,41.66370379904879
342,82,0.9622786750344955,47.83880313244475
343,80,0.9028164377203425,38.85593808213663
344,95,0.9339771092270833,44.837263001917094
345,82,0.9669936155665018,44.204191028615696
346,70,0.8673681498702257,37.570185269840984
347,85,0.9346753168456156,42.18823976875091
348,73,0.9374223977532117,42.85806459271818
349,77,0.9065289430154279,43.87672858215869
350,62,0.8799697402005554,35.65159441345748
351,86,0.9243514325143338,45.51273844145084
352,70,0.9071849176458993,38.44023744983754
353,90,0.9112993980819626,42.60722014733547
354,90,0.9679083130306277,47.58775238653515
355,85,0.9959981788776535,48.26973664031787
356,79,0.9337157494653862,40.98055647682623
357,75,0.9704891538780366,44.24296572005369
358,72,0.8694809648936428,37.16912838046207
359,80,0.8924083429063195,44.77869891490346
360,71,0.8700531944811204,37.74498726467478
361,71,0.8843809676730592,41.4237501619451
362,97,1.0710238682845181,47.854405490972056
363,79,0.9067867590612534,45.27510577069481
364,78,0.9293416542927605,45.68384517403084
365,82,1.0004481239877785,47.453196159559866
366,77,1.0121966062338792,44.81956539241757
367,78,0.9533280406800729,45.15280272353263
368,85,0.9967446840318139,45.614846136741214
369,91,0.9096343458615075,44.2236159374504
370,79,0.913401214822196,40.50631861016185
371,83,0.9242416863116601,46.00654525200921
372,89,0.940955782203557,45.71840427519355
373,78,0.9602189081950151,44.63185789865616
374,68,0.9479965749572418,41.83193799589003
375,80,0.9752585747104378,48.085337796292954
376,84,0.9856253874748132,45.58312518043722
377,80,0.9568173911470488,46.96340910683036
378,81,0.9513075641467387,44.125411784395965
379,76,0.8786787306449235,42.44035262665891
380,71,0.9277798641177963,40.81941398929759
381,70,0.938277932806611,40.14971670373382
382,75,0.9114079103291834,44.61860346271827
383,79,0.9359106871554449,43.76427326951317
384,79,1.0202684572706011,46.22287535903217
385,79,1.0036012345878633,46.49097937289863
386,74,0.9199447944742017,43.8449650856731
387,85,0.9410353780794499,41.748758006260445
388,85,0.9347933620984651,43.526856303410526
389,75,0.994752762145854,45.41479373456576
390,86,0.9093439290103696,42.13074805083948
391,85,0.9379396378154117,43.82870349932399
392,71,0.8898596576649158,37.67842843909848
393,80,0.9865875448002769,46.54394623011739
394,78,0.9654148112827214,43.36705529540045
395,70,0.892283351318809,38.9371224860931
396,75,0.9060365201402927,38.93583605458605
397,73,0.9663100874548335,44.245874234615734
398,76,1.0291854043026152,46.87546045765276
399,81,0.9832155583460087,45.50924721714794
400,80,0.979269271946055,44.33573071506194
401,85,0.9392364574124197,42.4493146904259
402,89,1.0151541260598815,46.71112218259645
403,92,0.9933783456771338,48.28411370919761
404,82,0.9761014599732895,45.06333471658147
405,69,0.9459916217836518,39.88902133318423
406,80,0.9392475983350859,40.330315829418005
407,90,0.9617972143338717,47.659145742233505
408,84,0.9606999622293458,45.22611388783479
409,81,0.9902020118869987,47.315440468544516
410,81,0.894548518885312,44.31887897484277
411,85,0.9058862083857413,46.548819212655125
412,73,0.8790163652475762,41.03799854572728
413,79,0.9287109545213149,42.91357523794912
414,90,0.9420882204806523,47.239414876425194
415,74,0.9884124846250825,45.118310344643234
416,77,0.9925817790996969,43.06064338685147
417,72,0.949852725977805,42.39266104475544
418,90,0.9902838538582609,45.143244311087365
419,75,0.8688100247941016,43.6245544124167
420,75,0.8856868959955424,40.594141982266464
421,73,1.0149997779661992,42.9425792070915
422,103,0.976310794346106,49.244748987789784
423,81,0.941900954070162,47.775973561086396
424,86,0.9510021750932544,45.05208883706441
425,85,0.9378097446926439,43.175277940628455
426,86,0.9668478425305397,45.00060596994751
427,74,0.9582862529477487,44.629443875323034
428,77,0.9342636580854539,43.08130142410583
429,75,0.9290511107428131,41.40051933639887
430,82,0.9821271077701255,42.751203664592566
431,69,0.9844385284621368,42.57092139914559
432,98,0.9993733926231255,49.03538817848441
433,80,0.9227054202502112,37.79509552417852
434,80,0.9097169781349081,39.967365816624024
435,85,0.942897139776766,45.87481803391602
436,81,0.9347504917683613,41.97137204694675
437,69,0.9509165807249289,43.453962922739436
438,79,0.9724887597402087,41.701420761861975
439,73,0.9543775224886379,43.7818541994428
440,77,0.9251187208565717,40.5442077231849
441,66,0.8702466715890588,41.38526850993632
442,93,0.9938539506898387,49.81109867543798
443,80,0.9139533243704149,44.43479367000222
444,89,0.9902581839635914,50.721421429511736
445,85,0.9901387674572371,46.434045811333014
446,96,0.9742503585430369,47.56300976728491
447,70,0.8924719332803521,39.48937814866396
448,74,0.9976823854069837,45.1833764424347
449,81,0.9476649882085374,44.4295790147811
450,73,0.9697086827873962,44.12160266135924
451,73,0.9636239963537179,43.795067330525576
452,90,0.9644129255550312,49.0594993226643
453,74,0.8791854929086226,41.2130452404734
454,77,0.9239808805034635,39.529092537087976
455,99,0.9496443715114484,49.21469347127668
456,75,0.966423319998924,42.637473955467165
457,83,0.970200792544267,47.53284917692101
458,71,0.9516964769895473,44.273894192100094
459,77,0.9272252010104275,45.041785862844975
460,80,0.9181386602295453,40.78805864197396
461,77,0.8764850911046502,39.88396348479567
462,72,0.8947692953781913,39.222347700102794
463,81,0.9965793647251425,42.12147812573537
464,90,1.001905859479397,49.394273232568835
465,82,0.9805121031656362,47.244046569660064
466,80,0.9483707737393665,42.8295354476942
467,84,0.9780374931054326,48.98816581363922
468,72,0.9244483123343455,43.983216560915736
469,88,0.9959384534030298,49.67301190405728
470,79,0.9127225233918627,46.54916321436748
471,82,1.0077660168550822,49.480123440092534
472,79,0.9001354548156061,46.91307166590292
473,76,0.9487147952948919,43.32174160609124
474,69,0.8727216274121534,41.25833526126753
475,70,0.9088197034778729,37.50998277341659
476,77,0.9080065647157803,43.0086300748564
477,88,1.0401811490713266,49.205082160681016
478,83,0.9843772679602758,45.52082679548786
479,82,0.9684113639914779,41.107442455532215
480,64,0.8892959555954313,36.04451556883866
481,80,0.9408132130588378,40.525431623013105
482,81,0.9301143361861841,45.67729975696259
483,73,0.9092423505428093,43.10055572280805
484,77,0.9368750867667441,45.49013224823765
485,83,0.9625432083488448,44.59331445394562
486,71,0.9008648386459661,41.8886010260178
487,79,0.9649731930530343,42.69961923243346
488,83,1.0470373066753973,48.12866830495894
489,72,0.9229435763211031,40.89244299706808
490,77,0.9498077944365112,44.349550054181115
491,87,1.0119612236052997,44.99513568543414
492,91,0.9843377415043507,48.48002755644121
493,67,0.9064551860822896,40.84890518961737
494,70,0.9330318462897744,42.33609992616511
495,91,0.9818668391202059,48.73680410754786
496,76,0.9531195288510927,43.153813821541526
497,74,0.9778667606293276,43.30815993498264
498,73,0.8917691706637645,40.8558737106444
499,84,0.9010471167255519,43.24651156031797
500,90,0.8983721403287922,41.20238552154235
501,73,0.8631110683103197,41.73269357311865
502,69,0.9426708626576525,42.554136177382006
503,77,0.8888823279007434,42.463582822264
504,81,0.8827694373186121,40.9308151077996
505,72,0.8759081575424641,39.220882099642104
506,81,0.9266925720939003,44.6976661124251
507,78,0.9731422296021905,43.572226560491075
508,76,0.917159645617629,40.201415100122176
509,77,0.96783653785827,41.198267576941994
510,89,0.8712267668137962,41.215086001843105
511,73,0.9472619009543419,42.61295415393907
512,74,0.9325443779872828,42.980740534402344
513,83,0.8201821728407399,39.27374543468747
514,72,0.9412986266941736,41.04409767616639
515,81,0.984268972422142,47.25012540823219
516,80,0.9653175904396247,42.50871507689328
517,74,0.9029626460287408,44.20579562434339
518,86,0.978259939142726,49.864596960985786
519,87,1.0126252880231694,44.80478949087527
520,76,0.90979067541302,43.44089965495589
521,82,0.9358561369037862,42.26106228667368
522,80,1.0147330779943935,44.637417038071916
523,76,0.9135533701126519,42.04062328775819
524,84,0.9155192815047754,44.60573285106735
525,79,0.9927144708464299,51.39898365021411
526,82,0.96675372726784,45.47385199225205
527,87,1.0074143677328817,47.6937042215198
528,76,0.9055606987568247,41.73988124395658
529,97,0.949320694943646,47.32504138300616
530,64,0.9153103526311857,39.75787042304267
531,79,0.9265577416305176,43.387187721359304
532,77,0.957587513087963,44.59596812728437
533,58,0.8807712538976251,38.41918355617625
534,73,0.9237354373763564,41.616947864256204
535,79,0.9556623637760755,46.914585242541314
536,93,1.0049671916066478,47.72890522371097
537,76,0.9072735455637554,43.714210554304294
538,75,0.9822560695912061,44.50146629536007
539,76,0.9633432008404555,47.257197833822865
540,78,1.0567870896558087,43.14841839428533
541,78,0.9893714740902371,45.67922764098138
542,86,0.9974822179334087,44.207632904576386
543,66,0.8877343241085028,43.07114026502606
544,75,0.978011954269723,42.13991711500791
545,77,0.8767061030308487,43.89210769325535
546,87,0.9082705230658894,46.08775862030882
547,74,0.9650743537100193,44.53942282945553
548,87,0.9723143677969077,43.217461293257436
549,80,1.0413249087346261,44.25249495174002
550,84,0.9524506542805862,45.244419251918735
551,83,0.9249679773611851,44.597592134211325
552,87,1.0327377832586981,48.06713856178186
553,72,0.8827520317963664,38.84830157214048
554,87,1.0029616015389973,49.64631507024965
555,88,0.9879355856077962,47.24816414949606
556,83,0.9448715764026169,43.2009927480185
557,88,1.0288679122250548,48.622037825281055
558,82,0.8853827754255056,40.05238357259105
559,71,0.8846751053883805,42.13854786302981
560,74,0.8323883019925776,38.39832522975532
561,72,0.918350305967322,42.93190801102343
562,85,0.9893995807253166,47.12621551330753
563,81,0.8917584839611606,41.190666261345996
564,96,1.0428603387777085,49.44124036929328
565,82,1.0646599034139952,52.07157723055202
566,103,1.0169223405622494,53.23771569512282
567,74,0.919581087927316,44.58848488188613
568,70,0.9387941894073293,39.10100594570897
569,80,0.9342520522304723,41.448052107869685
570,69,0.9380020729962024,45.908606712317685
571,80,0.9671851623523166,42.39875427516265
572,83,0.92443471588938,43.175594899018975
573,81,1.0232235493334179,42.685664128837985
574,70,0.8397785852984936,39.179031155675915
575,79,0.9373487671972728,46.41437070084381
576,88,0.9914945928779865,47.56654319544543
577,71,0.9240635485553337,46.56623823466416
578,81,0.9087713119966033,45.15035951373971
579,89,0.8864439486622142,45.55423347261557
580,91,0.9000290773177045,46.48778733413245
581,74,0.9432968526507817,39.53736336818845
582,97,1.006929140640237,47.310845852599265
583,78,0.9584872512796861,45.429734478248015
584,72,0.9322924324287989,38.972172148198155
585,81,0.9031182367155419,42.558260372262055
586,85,0.9694516618155606,45.436698778068916
587,91,0.9740221635708934,44.3375184203298
588,72,0.8523094455472101,39.877058526237455
589,74,1.0323142616867713,43.59576804801721
590,90,0.9501149165288276,44.93697919526348
591,87,0.9388011830660066,45.09757894621184
592,74,0.8867529577472372,41.30582540159541
593,74,0.9483144960926421,42.94216195463022
594,86,0.9677833234053532,43.720287274339825
595,74,0.9424849273581823,44.125121722348666
596,74,0.9057700188041008,43.811579104031146
597,81,0.9187434165977202,43.47734642221107
598,73,0.8866557558831171,38.53734815613626
599,68,0.895033241550758,39.92265651651641
600,78,0.945164213997102,44.30736102916839
601,78,0.9329064866547432,46.00614946628807
602,75,0.9532855178438245,40.39227778260937
603,85,0.9049717651770363,44.29140876813315
604,81,0.9542038395926901,45.143180944345104
605,79,1.0219743938989196,46.22923936111273
606,78,0.9480898205336276,45.70542200058917
607,79,0.963520184977351,45.29340384766491
608,88,0.984146287269581,48.808160407982484
609,78,0.9607849748525322,45.51327304907334
610,83,0.896245631704545,44.06855518089667
611,74,0.948604917413625,45.26587009252154
612,78,0.9474050311393031,47.809685315321204
613,81,1.0087328230649488,45.9075303665364
614,92,0.9592033695486923,46.61427558894822
615,87,0.9390239928553799,43.81445925638804
616,84,0.9511161780985186,46.30784153566366
617,77,1.004167493362231,42.40447533021859
618,82,0.9767907015678431,47.48633076122457
619,70,0.9861485448751066,42.08390891462342
620,94,0.9298501130160767,48.23148584382315
621,76,0.8899561773248222,44.530291412470085
622,88,0.9585756908775918,46.327790626590115
623,77,0.973579883370628,41.63620599988766
624,79,0.9002198288886717,41.32119259722137
625,79,0.959723831201675,46.29620852950953
626,88,1.0206403628723868,45.857311417394754
627,70,1.0075896306550054,43.63299566063217
628,62,0.9027240784229672,39.262467447206305
629,84,0.9275766463043964,40.982426512159165
630,94,1.0028560164300375,49.421708355301995
631,76,0.945633092172974,46.00799385478537
632,72,0.9366165946029923,43.880704866414526
633,86,1.0291590824307115,47.22522159341164
634,94,0.9824533881368832,48.907507022469886
635,79,0.9636529441507289,43.35709967923655
636,70,0.9173711402097364,43.50285671804253
637,74,0.9303340535136726,38.04855307433745
638,78,0.9103877149978526,43.4551838537545
639,85,1.0246634036441067,48.879522971191776
640,77,0.9093973678778722,42.41245272551269
641,86,0.9389311121634045,46.76671484970409
642,70,0.9676017402810089,44.93818021792101
643,74,1.0095695662981186,46.48539335119859
644,78,0.9031529274392446,43.970235385818214
645,85,0.969013560420855,44.24325712950252
646,75,0.9290951334861063,44.109427048198214
647,64,0.9182124290902023,36.880528306085786
648,73,0.8917219702931072,43.01355927505311
649,90,0.906337203978179,44.6849226244073
650,81,0.9894852535444183,45.10768209510837
651,84,0.9194986640805481,44.649804499623336
652,80,0.9591788243216028,43.718677538116516
653,91,0.9743722735363605,47.08812580357925
654,73,0.9179812549510148,41.29588991503685
655,71,0.9011006118748867,41.473906334980974
656,85,0.9335133138685517,46.783405724151095
657,72,0.9358032975846217,43.19489257600413
658,83,0.9955379703736309,46.04146411430975
659,67,0.8905387578268139,38.77605186083978
660,84,0.9819198800831562,43.57990448084012
661,84,1.0155166340414896,45.857581041192425
662,79,0.9189804758180303,42.98525074589224
663,76,0.9400600008350518,42.0057020807799
664,82,0.9755792517433057,40.769289930770945
665,84,0.979712615753321,42.41557943845108
666,83,0.9557956896724922,43.00721177412482
667,88,0.9803186442879684,46.57110321037773
668,66,0.9240271659585625,42.07157108464449
669,86,1.0242920452034725,47.529629334498104
670,77,0.931859257354428,41.83443661135484
671,80,0.9547064741452984,45.69266614529985
672,84,0.9741536518475212,47.01501171470491
673,74,0.8948389452762274,43.40456577133955
674,89,1.018176748137968,49.78654314410212
675,83,0.9729243903053393,45.347582722374334
676,77,0.9688774868468366,43.12752435435763
677,77,0.8901761469067182,41.19911350607472
678,83,0.989418109041417,44.8987855188524
679,72,0.9361217102900936,41.412160395039905
680,85,0.9521311326708036,48.32324332913645
681,86,0.9873625747781406,50.50936593620119
682,67,0.891857471734295,38.92943748103033
683,71,1.002222475135527,43.884826422842124
684,70,0.9672733857595913,44.44201072284867
685,69,0.9080135602071397,42.694779375361364
686,80,0.9355932912111727,42.734136358694784
687,81,0.9974451241236651,45.78605396241684
688,81,0.9776684193231108,42.76957707964414
689,91,1.023443796980505,48.779582153942776
690,81,1.0032994288205517,47.33821695071761
691,74,0.9432673276975408,42.909416901759805
692,73,0.9175520511784695,41.49641387028194
693,75,0.923257649190432,39.22349487261756
694,81,0.9159434864548529,43.85790219596614
695,86,0.9288438348601941,43.670487016915104
696,81,0.9636180958915097,45.31185094561951
697,93,0.8998884073769436,42.86668892841747
698,79,0.8693260640398719,43.603310690803184
699,64,0.85701785487796,37.27747308384221
700,75,0.977370319244691,44.83630774568925
701,79,0.9236059419447277,43.30823503567116
702,90,0.9140664461646094,45.1738083379699
703,76,1.0127953613170553,44.8796414856116
704,70,0.8986791012179011,40.5432486635787
705,73,0.9907826091608537,45.307545015173076
706,68,0.8886243614634683,40.871766118538424
707,73,0.8981771649884015,40.31329038646981
708,96,1.0267942669691892,47.83597536481471
709,78,0.9597391651245218,45.66254933383215
710,93,1.020847067135406,44.701173798480085
711,68,0.9130447206414968,43.64084183714419
712,70,0.9133519608352973,40.83670360709694
713,76,0.9206659941348959,43.953336266025175
714,74,0.94832075433695,46.193554724016764
715,82,0.8752512258105168,39.560436724803566
716,76,0.8996703494654691,44.23242038696901
717,78,0.9720385040073006,44.714228865004216
718,78,0.9785888302614867,43.034233388043404
719,80,0.8669081373583029,42.70755291378156
720,67,0.8698337042787094,37.24220336154374
721,96,0.9427446419114394,45.8783734510166
722,78,0.918270596211011,46.860088533256
723,92,0.9433778086225058,43.57801944849424
724,69,0.8883114717271448,41.43857669739394
725,79,0.9458513397204645,42.00439810978509
726,87,0.9652922056360234,42.97115552469761
727,71,0.9661085133433295,44.09733842909425
728,72,0.9164307044985138,40.682149182042835
729,76,0.8676154470899063,41.915067716833555
730,62,0.847236643496102,36.13837311002789
731,84,0.9784188417266236,44.27831319127553
732,75,0.9545504980137047,42.141354477366626
733,72,0.8674715642850415,37.453514050390766
734,83,0.9226618427087363,46.99662047662665
735,87,0.9945216927724777,45.36223940323373
736,77,0.919304874820495,45.61485173261251
737,83,0.957626365801454,46.03696144800382
738,85,0.910775187089829,42.01649083712285
739,71,0.8884233977216675,38.44300568902554
740,83,0.945953320922342,44.50018907658312
741,79,0.9402593364986114,43.45920335171435
742,78,0.8935197232776744,43.78965420675392
743,89,1.0097237538404444,47.73921440618784
744,68,0.8265363428077921,40.20847988455982
745,76,0.9095789767369142,42.821966590164145
746,72,0.8710557913786181,38.49391700177183
747,84,0.9624535279246512,45.94404690558315
748,82,0.9386269540690346,43.70080273505073
749,87,0.9212892146795466,41.893979963445
750,75,1.0138338677751348,43.0221324577795
751,82,0.8906819774808094,43.80292035177958
752,78,0.9462587609410454,41.88253311650073
753,84,0.9871424706718913,44.0143902271193
754,84,1.0051452596412243,45.19594249746534
755,77,0.9669524413655517,46.386475292344315
756,92,0.9119508492618373,44.917443402043155
757,76,0.9368645851843096,41.287463240290045
758,86,0.9674312729612204,43.45419528439029
759,95,1.0075865408002016,49.08108174218954
760,78,0.9020095555714142,44.71246793943566
761,81,0.9211234100992619,43.30572868619548
762,76,0.8738731452200809,44.27263816115014
763,73,0.8384909756665639,41.25183830089884
764,79,0.9069855369706011,41.136514471499986
765,87,0.9885250070601702,49.74947082165857
766,90,0.9797182515815086,49.55613209255073
767,73,0.9146459256296141,40.8638783981919
768,74,0.9193286558498026,43.12759532074527
769,74,0.8274385058788128,39.106552421640934
770,69,0.8864744671288596,39.62849005381174
771,87,0.9697600896670615,49.80288004718572
772,89,1.0205857266043037,45.48810124079518
773,84,0.9127888444332009,42.3226088464129
774,84,0.9515280773179183,49.33110576453803
775,90,1.0114972611664004,47.318646219010745
776,65,0.8817860034414982,39.56520501059457
777,94,0.9735274740574418,46.6326119619646
778,78,0.9971276811949328,47.2333757807758
779,84,0.9955368265841052,46.357932199875854
780,71,0.8489873088117348,37.115809221795274
781,82,0.9539222667664607,45.480576660392366
782,80,0.8816199124453109,41.19979979677323
783,76,0.932717275738018,40.31173332982468
784,76,0.9957918226305914,46.6003723829381
785,84,0.913629671438026,43.948352996659295
786,82,1.027495560310753,43.68677467024601
787,77,0.9581504723248678,43.798560274017646
788,67,0.9253058526668856,38.17760043855916
789,78,0.9274293515757971,47.290041841487515
790,88,1.0288864266274487,48.16593037735446
791,86,0.9746795646815232,45.833666280308215
792,83,0.980877231182411,45.606447013518526
793,72,0.9671360190748935,45.72375952740167
794,76,0.9219123430753692,45.69860978157139
795,74,0.9037729920126216,42.897479216333565
796,71,0.9081438303953671,41.360761625916254
797,70,0.9722240552612129,42.63077845515782
798,85,0.9944516144285551,47.13776220955179
799,66,0.8800656146177407,42.672840019330906
800,70,0.9311007940011458,42.68257962919588
801,64,0.9818743432760093,40.35445587030744
802,80,0.9615885705822415,43.61085498189331
803,77,0.9067517793846336,41.346475229705625
804,95,0.9219895397636163,45.5229877428082
805,88,1.0164147837841142,46.26939052181733
806,91,0.9044958525677064,43.9843699702388
807,83,0.8788156648220344,42.29218451868011
808,79,0.951181852168503,43.83120855029447
809,74,0.8978654307268973,41.714233844361544
810,72,0.9624764687340731,39.54093324042264
811,85,0.967736915294313,45.90730757676876
812,83,0.9742871619409451,45.7243845123118
813,62,0.9279572986816046,40.154885455796645
814,88,0.9725110132207528,47.813128131069895
815,75,0.8931155594308023,40.435396079119144
816,75,0.9970203400328062,42.750659675713685
817,76,0.9389504867460802,45.82843465518237
818,76,0.953921075832528,41.4379153356518
819,79,0.945212964627177,44.85272870217511
820,91,0.9672388544979653,47.70531317356188
821,80,0.8963455759673137,47.76043003449568
822,70,0.880078183820915,42.51221379272655
823,84,0.9993574391272562,42.65822508399973
824,82,0.9920942037444794,48.3273879219892
825,67,0.9115660706158484,38.46937889238669
826,63,0.9368467501850261,38.48088937986645
827,74,0.9074272052344812,39.60402978068099
828,79,0.9364240770421519,42.6852908490863
829,83,0.9471717317236394,45.4430559431197
830,86,0.9655759519937818,45.0061348095683
831,87,1.0088007028706683,48.57151149949024
832,72,0.8812616318115041,36.677920861603546
833,78,0.9529447834324799,46.17704016816397
834,72,0.9598315621605407,43.048178954045014
835,85,1.026068533398731,45.78857521569133
836,77,0.8829737961532245,46.08349081586647
837,70,0.977701092793325,42.8110693081334
838,68,0.8426952277704295,40.81975281075531
839,83,0.9211661169922971,45.53422463171052
840,76,0.9553803081690556,46.07718427351048
841,73,0.8849957726363441,41.55765206504348
842,86,1.0013462691342327,47.86395156835822
843,76,0.9484462150178337,42.181001865647914
844,77,1.0117138387359246,44.80474154192688
845,72,0.9540880136336723,43.834277409282834
846,84,0.9375474855626712,46.58026348230924
847,65,0.8726387077167783,40.786343335458874
848,70,0.9687330902661339,42.57376521245484
849,72,0.8799144253014768,44.26264663242918
850,78,1.0011898829445602,47.097574162345545
851,73,0.9928318554866166,43.766162605133765
852,87,0.946598909927699,44.33451985987811
853,69,0.9192051515845852,41.6133441195215
854,75,0.9208745317817857,43.25090107218889
855,83,1.0309982704565042,47.480276590913995
856,64,0.8326317401083829,37.38401493603935
857,81,0.9773959963145915,47.2565636253528
858,96,0.944680805867237,46.87988847349501
859,75,0.9368923402194358,46.27140207368553
860,75,0.8949266845478692,43.51782845520484
861,69,0.8670175400661101,41.740050516215454
862,79,0.9468401264245866,44.25941565054878
863,73,0.9434436204913687,44.560123169536
864,77,0.9379881840656571,46.73189137958974
865,82,0.9323133846365227,43.20609674499173
866,70,0.9902449276474651,42.10814434882352
867,76,0.8335811732034848,40.350395339823805
868,74,0.9541334913753494,43.54317819443646
869,76,0.9823262252869108,45.53402236980724
870,77,0.9762069439664074,43.27092669257385
871,66,0.8702265755655679,41.42011891500917
872,81,0.9448420428691449,46.97386842223352
873,75,0.9907357002965844,46.44205465124984
874,67,0.9551210129329081,41.53249080668898
875,75,0.9707281820408168,42.56378063249768
876,86,0.974071035119547,50.329843955511606
877,81,0.9227515286679151,44.18091756369143
878,78,0.982598002744651,43.0237414931624
879,83,0.9077125482887068,39.18493511185936
880,71,0.9533952774022404,45.07264348568494
881,76,1.0202327473279558,45.13070229241409
882,76,0.9259369348120894,43.79076451047352
883,73,0.8882200821540392,42.998202834005426
884,75,0.8641737320045404,39.48387205875627
885,81,1.0282370149285427,48.51720290504124
886,82,1.0136263087977102,47.92310282673708
887,71,0.9340617435266481,38.666737406323065
888,77,0.9808751152827815,44.18330610771279
889,77,0.9621219298680935,43.67870289520609
890,73,0.9224852699022872,45.161548307504326
891,71,0.9114245913463638,41.03653143469424
892,80,0.8903874405654637,41.50219107097535
893,78,0.9350145514258766,42.98896880351651
894,76,0.9744660269440892,44.343763726636716
895,71,0.964767580320467,39.528527823284485
896,73,0.8889637638661868,40.81089182225639
897,80,0.8636001692052525,37.79613177260633
898,76,0.8539359650752999,41.47998678736911
899,73,0.9859278689706193,43.64338549434299
900,80,0.9697139316063991,46.05591101486031
901,66,0.870372495391754,37.57521180643499
902,86,0.9696859217976089,49.488477113888685
903,74,0.9283150646865539,43.55919798455652
904,82,1.0552706433957182,45.85414770770657
905,76,0.9690886132417313,42.96337593222507
906,80,0.8578354560733387,40.71849947844275
907,76,0.9048845093938772,41.17567551099135
908,71,0.8841263652586641,43.279717894043685
909,83,1.00528922915467,48.5663692021793
910,83,0.9769767707027414,48.56617481794516
911,89,1.0124095466707994,46.75017163391928
912,79,0.9713308458378408,46.56605860284676
913,69,0.9067659201446645,39.47440376660792
914,80,0.8988278986417455,42.9985114460365
915,86,0.9709797113902686,44.343291687419395
916,88,1.009087199340262,47.360514228489315
917,93,1.0295583627511895,48.98920168092235
918,89,1.0112221945340991,50.72962723776059
919,78,0.9213225773522807,40.38834290882429
920,80,0.9337906985136034,42.614327887566766
921,83,0.9511009277201602,44.8727787236727
922,79,1.0134045684152242,47.921522990829494
923,71,0.9570745476046885,39.987067938770664
924,88,1.0105121362056693,48.590211126938854
925,69,0.8174076555366923,36.71513723330282
926,70,0.9667123473176721,42.38095519552281
927,74,0.8998677367310841,40.21571024319524
928,86,0.9456536764408573,44.82829498720601
929,77,0.9222362801971477,42.99270297851596
930,76,0.976065839664309,43.2318174697296
931,71,0.9422648813886367,39.262216312886096
932,77,0.9703174848492125,46.75168939653545
933,82,1.0202759448570888,47.671499536307024
934,74,0.8541490559410646,39.78347305408491
935,71,0.8832371358249568,41.82760629720872
936,74,0.8943367094037727,38.85093214860858
937,78,0.9555979061899859,42.74082028277106
938,74,0.8908222344165164,42.06994658250039
939,94,1.00620181515186,50.11802035911405
940,70,0.8372169960463423,36.794290870188256
941,77,0.962058816249212,47.306922470893255
942,83,0.8984392234806551,41.70575377933657
943,72,0.9249709055695986,38.69422586964106
944,79,0.9813987328811836,47.92737020115887
945,60,0.9178354697593225,38.798985723678825
946,74,0.9474103088629388,44.73347365019157
947,92,0.9495895459900174,46.146227397191744
948,72,0.9232995704949459,43.06886794348444
949,65,0.9163451448353966,39.077013149557345
950,77,0.9478845630864319,44.248056567064914
951,74,0.9939950268047522,41.09679995709752
952,66,0.9010556335185225,38.860602298359474
953,72,0.8199179313535445,39.07333937109648
954,78,0.8929413548613847,42.78104129850992
955,91,0.9480372969504085,46.660519711563516
956,91,0.9774771872205588,47.41584065283344
957,75,0.8752499091069097,42.68693407083712
958,76,0.934882437073045,42.99443664198994
959,94,0.9879586575236453,48.438035651844274
960,72,0.9112697321802726,43.708801063468634
961,86,0.9733027099562975,46.992520142562064
962,73,0.9217452114785231,44.2501919535993
963,61,0.8710753231587273,37.88444486505835
964,84,0.9259131943502443,45.08371074240287
965,76,0.9748921720718556,43.5255243235631
966,82,0.896123614706285,43.12913326365695
967,85,0.9566993531383646,44.317715610685916
968,85,1.0223911853042074,49.63699100189091
969,79,1.026310868263604,43.22210563207156
970,88,1.0096489175051455,48.40615080038254
971,77,0.860679028498997,37.818751424781915
972,75,0.9294824766236567,41.41823056525597
973,69,0.8530632682773038,39.27309480509888
974,90,0.9637213976714452,48.3378747983628
975,77,0.9496313594085037,44.389399186622185
976,79,0.8916548056708802,43.98071604601069
977,92,0.8770690625693212,43.475429366073996
978,87,1.0161233759901938,48.01917139187791
979,69,0.9328864784953468,40.54797854815431
980,85,0.9563025512644782,44.54019449795008
981,80,0.8429274764973914,40.676535684762214
982,84,0.9994355109356258,48.818931185508646
983,75,0.9149479667941927,44.55655043918114
984,82,0.9764623051490713,45.501315528925595
985,76,0.8798508685535918,42.3306854944488
986,76,0.8737133694292873,41.44411201372959
987,95,1.0203080658164236,47.67144487567532
988,85,1.0274960489163418,47.36388925089102
989,92,0.9996079383564702,47.149862751078295
990,71,0.8987651324205481,45.611609142778605
991,82,0.9472076477223973,49.191577086966326
992,69,0.8728968967856051,39.478395877868216
993,77,1.0444611165191622,47.269840283068206
994,80,0.9455175414761383,48.422523550962
995,86,0.9596215803921023,44.945240743715786
996,74,0.9472667997566341,44.572322727587725
997,87,0.9667274957022604,47.197745003397706
998,78,0.8857131413439349,38.55470345629571
999,77,0.8939165422942149,43.32097288230077
1000,90,1.027204032635269,50.58257148659284
1001,80,0.9504633264065342,43.1809876890074
1002,67,0.9055115068394791,43.44682400997328
1003,73,0.8993534161048251,41.210562117410085
1004,67,0.8768956416282826,39.503561667462165
1005,87,0.9648284561654328,48.07453739999538
1006,89,0.8745648199861734,45.848251902620056
1007,88,0.9415042659140951,47.585362053160424
1008,70,0.9261880042209355,41.83826474269777
1009,80,0.9100599649360936,41.57077613221864
1010,84,0.971384653806382,43.582406753622564
1011,73,0.9823341802616272,44.10297531363395
1012,75,0.8900193083721821,43.77346384276728
1013,87,0.99453826716921,47.1018017022671
1014,77,0.9434835237102497,39.628011167186514
1015,78,0.9151225039375599,40.49295746018012
1016,75,0.8345564010258696,39.32742092596399
1017,77,0.9768707071567594,44.30234070145539
1018,91,0.99344939825799,49.21880821784858
1019,83,1.0097384314344586,45.543765728788436
1020,84,0.9611257166890992,45.631330209509464
1021,64,0.9228238905910007,40.33145566342938
1022,76,0.8938204437091226,43.58225561239208
1023,84,0.8897105226759674,47.14111043663783
1024,86,1.0073287179173191,49.05002864538852
1025,87,1.0294084986063379,49.811850021746864
1026,78,0.9915779888780187,44.34076949679508
1027,74,0.9264873827005564,42.510678864089854
1028,83,0.9639682651744204,42.74844454057795
1029,80,0.9144011125029188,43.03661099924
1030,98,0.9808097561257906,53.08165425709666
1031,81,0.9333884482000122,45.02630774730779
1032,73,0.9312386330715554,41.85672708535668
1033,84,1.085739589650097,49.84341131367859
1034,65,0.918790806815885,40.866512704904196
1035,95,0.969339793256961,47.142080697681116
1036,74,0.9318978397354644,42.80345191065909
1037,87,0.9975023290848952,49.338520720040144
1038,78,0.9974764865590006,41.617378232521816
1039,72,0.8804134387996524,42.809483498052444
1040,78,0.9929301557748552,41.546379776949486
1041,99,1.0129505299651522,52.984129110133445
1042,80,0.9873177946419033,48.43318537105047
1043,74,0.8353628288890903,40.147585907684174
1044,82,0.9600049903238886,44.6773813710734
1045,87,1.0268754443331118,46.36565356855276
1046,71,0.9111850905345361,41.16363990732584
1047,74,0.8822109173756368,40.56426340692963
1048,76,0.9979561044961638,46.208755135532286
1049,82,0.9754380194152923,46.81561345444839
1050,75,0.8910946295419322,40.111969774923885
1051,74,1.0029241300017895,42.882715355713046
1052,74,0.9514193132859494,42.67442487452129
1053,74,0.8921249735423724,44.80558791487765
1054,78,0.9541667796724161,41.3034498188881
1055,69,0.9090124627006374,41.38634091013821
1056,84,0.9913391941855113,47.13492201198824
1057,77,0.9327179706407298,44.381922772946936
1058,84,1.0130808099862,44.67811962943237
1059,72,0.8606255538292404,38.790962207292026
1060,79,0.8813363733058575,44.12816882183846
1061,77,0.9363072918976916,38.77141659021834
1062,66,0.8488001653454966,37.0742602561343
1063,83,1.039511079083132,47.23949790349606
1064,77,0.9629760617047859,48.14764401704243
1065,78,1.028161977495857,44.324933111480654
1066,63,0.8870593002084209,39.365370049781696
1067,82,0.8885935750343479,44.94042667608329
1068,90,0.9817762630334731,49.16033899087044
1069,74,0.929766060775057,43.02501436459121
1070,84,0.9960863836276103,47.04482048584455
1071,76,0.8787552084599217,40.691411103862016
1072,83,0.9350412904932359,42.03086875975591
1073,81,1.0079964241025692,46.63930894523456
1074,59,0.9454277298253883,37.96128103043606
1075,80,0.9376441699808082,48.173635147095375
1076,83,0.9798149316608417,42.165260872312714
1077,88,1.0073846793562469,48.23353777716321
1078,86,0.9909904599291232,45.564634017638866
1079,80,0.9543509652124836,44.82480368978009
1080,82,0.9087690624960487,43.446928158605274
1081,78,0.9741027264887312,44.869278518798694
1082,76,0.9557296943217902,47.52081343221519
1083,83,0.9539638970610159,47.626496164357235
1084,77,0.9386158235746551,40.39375217124691
1085,81,0.9191355106578788,41.723878196750924
1086,89,0.9646289556350192,48.47965495910475
1087,83,0.8947303492886567,42.840049469477606
1088,78,0.950542830015332,46.48099246018151
1089,69,0.9625547937162157,43.92455710818109
1090,78,0.9731892438501877,46.47934896147004
1091,68,0.9695773555749744,41.50278087330513
1092,83,0.937405996880393,44.80199174872262
1093,73,0.9537657766240222,45.22583426313041
1094,84,0.9892507183360636,45.68084340416415
1095,73,0.868771417098747,37.0218888865875
1096,94,1.0829580814351165,54.80852287288052
1097,75,0.9069012482495344,40.70983590494166
1098,87,0.889601200282715,46.203302852979036
1099,75,0.9712737071529614,45.540056587160436
1100,88,0.914567594011295,43.74584240312556
1101,86,0.9721061536009262,44.27920223811632
1102,72,0.93278703944364,41.77694819522963
1103,88,0.9625619073588753,44.03423424222731
1104,69,1.0189851638739449,43.97744679860962
1105,97,1.020966308475551,49.434481140116226
1106,92,1.0125572888175918,44.89626024828049
1107,87,0.9101400458091705,44.328613639759055
1108,90,0.9335735337740132,43.30315412375678
1109,90,0.9943098110056143,49.25709344700713
1110,92,1.0042797235462444,45.243968959592905
1111,60,0.8304871611871402,35.55996597193512
1112,73,0.9215903372214967,41.985427987175
1113,81,0.9440452098593933,44.681912264818436
1114,72,0.8850167488045672,39.61617517963063
1115,72,0.9613743101171499,40.72082547127459
1116,85,0.9487389560449643,46.32696874357038
1117,84,0.9284586251066993,42.47683130570906
1118,82,1.0120944876065954,46.09725303277204
1119,74,0.9160310569518789,46.83880663896326
1120,73,0.8319973170166162,37.557752237646525
1121,91,0.965951111043341,49.30012993051033
1122,77,0.8990608632482071,41.15005998357673
1123,79,0.9365072384985829,42.92296516042833
1124,84,0.9655999726128937,45.161149949087864
1125,77,1.020183157529262,48.163027208347266
1126,78,1.0054074516223326,48.55471924501585
1127,99,1.0405956760671082,49.85603568148222
1128,84,0.9776330668219275,43.829725008510685
1129,75,0.9488866280343851,43.72101966691738
1130,82,0.9439718601654342,42.04161233400289
1131,90,0.9107854191693533,45.55163620335527
1132,74,0.9366235065497024,40.21724133908708
1133,80,0.949800527886299,43.09692671403464
1134,72,0.9731593204480745,40.90514061067142
1135,72,0.8391181869084348,38.25216217742198
1136,71,0.9544465724698135,45.211616156026125
1137,74,0.8825779894642665,39.76218134610153
1138,77,0.9623869676332528,42.97645915499115
1139,89,0.970833574226813,46.427742986873895
1140,85,0.9196190813024099,44.79374067268579
1141,76,1.0432852218881896,41.96814888363049
1142,81,0.9239798318534114,42.27466682077676
1143,95,0.9445650498074638,44.138809873112685
1144,85,0.9343596872103026,46.642902454406226
1145,69,0.932775171274602,38.66853248865732
1146,67,0.9160822813175623,38.886309781794985
1147,64,0.8709366067711045,38.32715739776857
1148,75,0.9848178331788955,41.236137255764135
1149,71,0.9219843343234551,42.32047898448347
1150,78,0.9223966145937987,42.400368331489595
1151,91,0.9648129508181554,49.481350750232096
1152,78,0.889131526196855,43.4968373057854
1153,87,1.0258233819250155,46.96323781727571
1154,84,0.9527169945554089,43.40083605283675
1155,78,0.9556675216775873,42.97494470981563
1156,78,0.9258045532047969,44.768665352311324
1157,77,0.8908421706057877,45.454828717857
1158,91,0.9374613958915099,47.94786486607389
1159,87,0.9262376758518046,44.49650243123408
1160,71,0.9170801503222914,41.65313615216788
1161,87,1.006035731461487,50.90502128447071
1162,71,0.9186812607568642,43.37247209195872
1163,89,1.0480149611681382,46.066597079383115
1164,70,0.9127469996001462,37.82279278529553
1165,74,0.9356698906841343,43.21444328982873
1166,81,0.9519739374068783,47.29631483125388
1167,74,0.919123742593662,44.90921538089906
1168,75,0.8783919563424648,43.558154512992445
1169,71,0.8552345907663351,38.741102180488774
1170,82,0.9703515275938885,43.89597665341576
1171,76,0.9843873363736807,43.35884218097757
1172,71,0.9168459033885019,41.46553898054921
1173,79,0.9448532822296102,45.33130921015056
1174,72,0.9461794692940785,46.43303321552694
1175,89,0.8607431640546451,39.47981764494666
1176,71,0.9284119364707081,40.262257801220244
1177,74,1.055742273483968,44.76499938787213
1178,70,0.9017800285123387,39.78460266289775
1179,83,0.9573159447820742,47.00560875427036
1180,73,0.9753147273116013,43.75721415931734
1181,83,0.9072299459889601,42.855686043892945
1182,85,1.0010926652812864,44.0196375417904
1183,63,0.8991916565294963,40.33958483411065
1184,80,0.9774806547874574,41.2709772728568
1185,91,0.9297398449750367,47.57273608384024
1186,79,0.9101443107048014,41.10255436161875
1187,81,0.9172692922010245,44.374052246327494
1188,77,0.8980881404773198,42.100036900790556
1189,79,0.9241776052025528,42.7212906349348
1190,73,0.8792329879207298,39.4943277223325
1191,73,0.8919651954373657,43.247558372016826
1192,74,0.942963632137691,40.4666479324596
1193,68,0.8672709325136883,37.88559209450145
1194,86,0.9498419517191343,47.9017305877014
1195,81,0.8955127311524103,46.4544483522377
1196,80,0.9270848647183136,41.86478701944928
1197,77,0.8376571904639906,42.23328938050077
1198,88,1.0005753932295962,46.398890660466385
1199,80,1.0179491563444678,44.679326956674316
1200,82,0.9714846415974752,46.46790223989779
1201,84,1.0235016391768832,47.20781491008603
1202,84,0.9837613119438671,49.17166874536495
1203,67,0.9499942862244245,44.60599364396804
1204,76,1.0179088614577103,44.67360367966096
1205,83,0.9777271023913477,46.386006110378936
1206,76,0.9741129387406868,45.28701872940245
1207,86,0.9696590845198649,47.39631947042529
1208,69,0.8650564832936833,41.99683356731114
1209,82,0.9478759589340942,45.75114896036729
1210,80,0.9333633637559595,41.288068843340575
1211,81,0.9862186797443506,46.61076179045281
1212,83,0.9487863976212547,52.29683976809304
1213,74,0.8781285108418232,44.642325871884864
1214,73,0.9114676681655305,41.29018023384416
1215,76,0.8732126143669416,38.44918087671904
1216,79,0.9020470683427186,46.21155908357783
1217,85,0.9150562147556014,44.609394503495444
1218,76,0.9671070820071705,42.3404455023156
1219,91,1.0492045827687515,48.63947933383479
1220,86,0.961525849085758,46.574622348603825
1221,84,0.9606454119852075,44.80119629356767
1222,89,0.924955044194584,46.99634580146124
1223,81,0.8999752149367682,42.8855808075893
1224,77,0.9837892473810718,44.80758487095367
1225,81,0.9923359538008728,47.76777117688123
1226,75,1.006704430448854,46.26375644447157
1227,74,0.8751025452921387,36.49642764577198
1228,75,0.9473570093535597,41.174668615910534
1229,68,1.0103395528118766,43.15217289001396
1230,82,0.9151965805585829,42.63746982690941
1231,84,0.9030544572766879,42.912488737558974
1232,87,0.9406684572085833,47.218942048917
1233,81,0.8278366663089858,38.825543168094896
1234,73,0.9389574100021127,42.69679672119811
1235,91,1.0074403836809174,49.473060826440545
1236,76,0.9872712760956995,49.33829796057037
1237,70,0.9469037536606889,41.400042798631944
1238,70,0.8808991758784083,41.15617791390318
1239,73,0.9331254363243529,43.89992748392355
1240,87,0.891428194434692,47.48278545254155
1241,78,0.9470822707787431,42.036705362511356
1242,86,0.8972037680276272,43.25293428215428
1243,90,1.00845717876381,45.82671190167398
1244,87,0.9224262739246534,45.9537427801666
1245,88,0.8894643861969436,44.43671347253591
1246,64,0.8987526344348638,38.39376462546997
1247,74,0.9576319966693192,41.56102045053669
1248,62,0.9114383370387876,38.04921111851343
1249,85,0.99449018928691,49.93547876373404
1250,75,0.9198927342105494,42.61816996611949
1251,73,0.9083365342906422,46.01333692129311
1252,65,0.9450078559733391,40.7372059983137
1253,86,1.0032234995593878,46.650717459897336
1254,84,0.9543177054281111,42.58545668077943
1255,73,0.9723633457894425,44.95206608187031
1256,63,0.8572185271344012,38.76538892633411
1257,83,0.9512375141033227,44.19596102729211
1258,92,0.9827993733459406,50.4555937408334
1259,71,0.923699749069655,43.84383825336515
1260,75,0.9162975522678396,40.22743934357158
1261,80,0.8836091285051427,42.84422526970064
1262,81,1.0149849613539401,45.98736046761329
1263,80,0.8713285596527894,42.5742997308226
1264,79,0.9322226806648759,46.37373154879785
1265,93,0.9570493404093877,47.04292052030817
1266,83,0.9711780725460809,45.52442207318023
1267,77,0.8788269539131685,41.23049779280122
1268,77,0.918539480524725,43.14050151681605
1269,86,0.9776693167856305,48.756923475364125
1270,69,0.9504789370861245,41.051088853604796
1271,79,0.899973398061512,42.69982520473516
1272,85,0.999020359765599,45.189208390067016
1273,65,0.8525621909160058,38.731705437689776
1274,69,0.9082686671693725,43.21981148821221
1275,90,0.9655740880572794,51.75693475910369
1276,67,0.9451430104339049,42.360935268071295
1277,79,0.9244254608927832,42.65526934693064
1278,65,0.9512521672639694,40.06607377153097
1279,69,0.885058164468011,38.02726618316034
1280,83,0.884206782727318,43.652622879061994
1281,83,0.9411110887302953,46.632732918318666
1282,83,1.003016567742522,49.89706836309543
1283,79,0.8647700112001323,38.363171218355575
1284,73,0.9876319285919276,41.98251131423863
1285,84,1.0204630509450443,44.32679773256739
1286,74,0.9467897256125084,42.42187235947618
1287,85,1.032966176142586,46.794921344232485
1288,72,0.9408878146199653,43.74697092227664
1289,68,0.9476307575731296,43.14762130072115
1290,73,0.851236356531622,39.4351297634081
1291,77,0.8917533371989943,43.703557175581246
1292,87,0.9110333953036447,41.76242607229767
1293,76,1.000162781230173,42.45744317656946
1294,80,0.9334754073659391,42.8636742399267
1295,70,0.9238587119205035,41.02603609917004
1296,82,0.8885330156554553,43.81717585185458
1297,92,1.0161741561794684,42.71258368229881
1298,80,0.9712055265226417,46.43847316893562
1299,77,0.9316366856826747,46.192287618537364
1300,80,0.9524000801856158,42.61946207838633
1301,66,0.849179786426417,36.930715350793115
1302,86,1.022515062352077,44.89388742722809
1303,99,0.9923540923158619,52.14460127908492
1304,79,1.016851854469512,47.0221071816464
1305,64,0.9195209106619335,38.671479611333496
1306,86,0.9238224458424259,43.894049468367186
1307,82,0.9268823539120208,45.406025407445874
1308,77,0.9276119666230391,41.855197322010156
1309,73,0.9256555917090711,41.87602499956037
1310,80,1.012966468340419,49.29095315679554
1311,67,0.874048843251101,39.03330484505038
1312,74,0.9158596368630875,41.515753792918
1313,92,0.9895273387643625,49.30078765199282
1314,78,0.8967516570737466,41.66249225026103
1315,83,1.0213629181222923,47.49114046362401
1316,77,0.9475034686033326,41.63395234576317
1317,81,0.984890419499098,44.629572897190116
1318,83,1.0278427160615708,47.889861338591956
1319,82,0.9817865273766313,48.681867390341765
1320,97,1.0120252163050052,49.95435289958067
1321,79,0.9267659288920145,47.00113808471314
1322,77,0.8908012262934067,42.188684389487015
1323,78,0.9577417357374547,43.038420329334514
1324,78,0.911652980380405,39.80556111912361
1325,65,0.9232494633480864,42.94420421099059
1326,89,0.9060086982817219,45.854891910403374
1327,82,0.922044823567647,44.25255827820214
1328,75,0.9477935183164338,43.38145779223956
1329,72,0.948954766747054,39.244726303941256
1330,73,0.870420348013868,40.361353070946784
1331,77,0.885979378429122,43.00083857410763
1332,78,0.945334320836785,42.082649112024
1333,70,0.9273464393767786,39.527103823754636
1334,76,0.8476599328450705,42.214103423317304
1335,72,0.9392733079593854,42.16444761294252
1336,77,0.998244084831469,45.50347890765112
1337,63,0.8971786577838393,36.40963770099882
1338,82,1.0120805156033932,45.1497930005641
1339,77,0.8953169846193254,42.67038497363235
1340,80,0.9636422052209035,45.1744977358605
1341,75,0.9086637542068671,42.74840524721121
1342,62,0.8908079897181614,39.01630441423088
1343,67,0.9217712703095264,41.48620822902447
1344,71,0.8851453569880063,40.487689469875576
1345,84,0.9702021306801066,44.05557980423753
1346,94,0.9353309766573912,41.76985928281863
1347,82,0.9506300952008792,46.84725505748765
1348,72,0.941250714850663,42.66317198489433
1349,75,0.9314508361852917,41.97719537357255
1350,69,0.9089710968319245,39.760919947164496
1351,77,0.9310015580613681,43.16960170029426
1352,68,0.943229787707003,44.704217376316365
1353,83,0.9931892054307618,47.37971074236961
1354,70,0.9511802667405991,42.636346908358185
1355,81,0.9025983434474942,45.28416582790128
1356,60,0.9508760345149129,38.41197912419505
1357,98,1.0387563965063673,51.41871078897249
1358,86,0.9897426115440431,49.60462791354565
1359,69,0.8818537032696548,39.38409474829093
1360,75,0.9602706452134298,45.50073446859752
1361,73,0.9414413648825201,43.473239655791836
1362,74,0.9190339911269065,44.839325537487596
1363,72,0.884419371590717,40.58328137132389
1364,71,0.8829233580018062,38.19016595029614
1365,77,0.933717312611593,41.00900717469128
1366,69,0.8837938467044097,38.76026544201135
1367,74,0.9185947391067241,44.06438475944536
1368,79,0.9385330842912812,45.323669950427025
1369,78,1.0079069832995464,44.443418722585875
1370,69,0.9292573087017875,40.09534007166615
1371,91,0.908021620817425,46.27359884908229
1372,96,0.9412451305071459,45.41635554922482
1373,83,0.9739401595049695,43.727468573725645
1374,83,0.9361010414092705,46.366055148354285
1375,74,0.8721041373384254,40.097972785955335
1376,73,1.009791054974778,46.884401872761075
1377,75,0.9333378800470455,44.62282547355441
1378,68,0.8748970736466185,37.67917040760582
1379,85,0.9386677640701798,45.08908205486398
1380,87,0.9457380800943896,48.006449908020926
1381,78,0.9109253732781369,42.02117451754871
1382,84,0.9770414269252606,47.54340562562126
1383,86,0.9758039044059995,44.33494479385701
1384,76,0.9832776035189223,44.61290191248142
1385,72,0.9446226660893243,41.209248437151864
1386,67,0.8857553138520657,37.57271320439581
1387,75,0.9693990232282891,41.0484873296492
1388,72,0.8922725562992329,39.629887986230564
1389,70,0.8939578279391329,41.875902477965724
1390,66,0.8838834093298457,41.01365269440621
1391,87,1.0172505579938917,48.97165929349978
1392,74,0.8812527437607205,40.65061275437704
1393,81,0.9495380896957897,44.14187612926568
1394,81,1.023545124660934,46.79677709328678
1395,87,0.8910296736358598,46.855390523790405
1396,86,0.9651865299191624,43.583653190881606
1397,77,0.9843240559192563,47.65641491945646
1398,90,0.9871447968023418,45.694799277032125
1399,85,0.9496232058964624,43.0747687652867
1400,82,0.9307842451100339,44.84073772420026
1401,66,0.8990020556639047,40.15435508470999
1402,79,0.9982014155108481,47.22508818313805
1403,84,0.9418390092945753,44.82925150996436
1404,81,0.914650546351378,44.21642798995665
1405,92,0.9359773063646509,44.818237196830204
1406,85,0.9204457072640695,45.72951318687749
1407,71,0.937544070268193,42.0844153490697
1408,85,0.9370410143761754,45.215411119566426
1409,72,0.9020791692069954,39.85066705072849
1410,77,0.9209155897575514,42.35287004254159
1411,82,0.8716106196480773,42.300716517006826
1412,74,1.0110626556080173,45.71850120215131
1413,70,0.9231603290993388,40.741307088192436
1414,81,0.9844658640693855,45.82600593576703
1415,80,0.9490475628997141,43.985276231534776
1416,81,0.9318034691493032,46.78047979201238
1417,74,0.9006105783001478,44.51276412404679
1418,91,0.9509843190556039,46.24205040495788
1419,75,0.881497678381074,40.133471078783366
1420,81,0.944116632062262,44.45245252797835
1421,78,0.9673444467420572,43.47301796722998
1422,68,0.8800563129367764,37.629719367264954
1423,67,0.9241622669910082,38.821899728381396
1424,78,0.8540653740840213,42.430255157860955
1425,77,0.9250287762209347,42.87586274519914
1426,77,0.9563076606297614,44.579133572117826
1427,76,0.9436048648342362,44.40568957138359
1428,83,0.8753166641088674,43.369318130075506
1429,88,0.9226944668520356,46.21144023942926
1430,74,0.8575246603474258,39.80516753661604
1431,78,0.9989408144025251,45.18535681221287
1432,79,0.9223308855354325,45.192783878682334
1433,78,0.9124060733789612,43.45716438493523
1434,76,0.8928740812115289,41.406836469882506
1435,80,0.9453538697975217,44.84045027845918
1436,77,0.9357700082252095,43.62054477504596
1437,88,0.8732577057725099,41.212767940444685
1438,85,0.9695006934119098,46.42738801917709
1439,82,0.9536783408330107,42.14325660368363
1440,77,0.973207843514071,43.324849068171304
1441,70,0.9629886078673123,43.81831301037155
1442,92,1.0002472698888956,47.011136686061384
1443,72,0.8919028703199358,40.850736577613894
1444,67,0.869245040236393,39.00142211435369
1445,81,0.9260375006414159,46.23216729443604
1446,81,0.9751288561129813,42.69762640227954
1447,81,0.8989150527087632,45.36383605689775
1448,77,0.8864462712388145,41.65410601604562
1449,83,0.9403121379178381,46.84004282495664
1450,86,0.9806029789876741,49.61595523647924
1451,81,0.9544040855749114,44.22471117110234
1452,95,0.9933278874262965,50.317659619729476
1453,76,0.887329424497662,42.939278999520184
1454,74,0.8783220044892829,43.94563057298684
1455,87,0.9129986864592925,41.783178276938266
1456,86,0.9602692487615182,49.75589270760953
1457,71,0.9605963365984567,41.3473322024964
1458,72,0.9732108943961807,42.51376971787219
1459,71,1.0001997873862953,44.93998090420569
1460,64,0.9175451422089349,39.25054459951322
1461,85,1.0271445701900892,45.936607236471055
1462,86,0.9126451707538679,42.91420908954447
1463,72,0.9635496784875502,40.145274964216235
1464,82,1.000650208018385,44.42417598055064
1465,66,1.0277234194991212,44.52653926602332
1466,72,0.8251458211040569,39.59461945660447
1467,72,0.9422981797333299,42.37882470031303
1468,77,0.8929163828309467,41.35860781604532
1469,80,0.9065364015141022,40.63072226910477
1470,75,0.8797558059049322,41.84901262967791
1471,77,0.9973922172861714,40.49052213584194
1472,75,0.9233963595061477,43.683607203101936
1473,70,0.9348859835550425,43.43505156217244
1474,81,0.9774126337723863,47.69762970708995
1475,84,0.9717682338865961,47.6756920927592
1476,78,0.9317339229136969,47.16638566997183
1477,77,0.9512760670910607,40.42203997562228
1478,70,0.9268758790952975,39.1238080919906
1479,73,0.9174549633780085,43.45037711665537
1480,64,0.951014835233963,40.97859800118243
1481,72,0.8991654627639336,42.539435359343365
1482,88,1.0258379092193768,49.145735883452396
1483,81,0.9226208263700459,42.146937533558535
1484,80,0.9941419831360909,43.54010460147864
1485,68,0.8117687670321326,37.622277856013284
1486,78,1.0034470649427576,42.96982401325505
1487,96,0.9824249472722808,49.83598209828348
1488,71,0.8778720653266138,40.043449618447255
1489,79,0.9732530340848071,45.120781518334894
1490,73,0.9526531567727213,44.4401303696506
1491,75,1.003235433298449,45.75913219867223
1492,74,0.8541234504649716,42.994231169735336
1493,84,0.9106495004989178,43.7580368158394
1494,83,1.00038969973695,45.694808577793495
1495,71,0.8919665579803244,41.67305770173484
1496,70,0.9716143810866587,41.657342010636995
1497,81,0.957973502477184,44.08775895641876
1498,86,0.9662801326659639,49.26237370564305
1499,78,0.9744656697821371,46.593239479991304
1500,88,0.9491389195303827,45.52081212554148
1501,81,0.9208643982930229,44.74128291717708
1502,74,0.9257186570103153,43.99732632330868
1503,67,0.846329672247753,37.7023247299114
1504,76,0.9799112743725183,46.347249974009834
1505,94,0.9734020835608084,48.06958247766994
1506,76,0.908111508773988,45.53648365531138
1507,71,0.9054603801595931,40.64319579558951
1508,83,0.9575434799254867,45.765290341641034
1509,74,0.8993152669450644,39.10707174326173
1510,77,0.9619186813856881,48.50548496586831
1511,68,0.9146060355885551,41.60001993071233
1512,85,0.9465836816747805,42.72907382698858
1513,92,0.9494548747520352,44.191204620242026
1514,80,0.9389110187633769,43.039947053857276
1515,84,0.9420126473253836,46.39918436987992
1516,73,0.8938421546205724,41.78467905614715
1517,79,0.9262093875302961,44.99269276518346
1518,89,0.9846553654706465,47.73115355509305
1519,71,0.8911804516623606,40.565194873386595
1520,100,1.052350531554302,51.6707993004987
1521,71,0.9337513029444114,40.40119069269044
1522,87,0.9314616786376965,46.10976579419431
1523,82,0.930041951206862,45.836786873594484
1524,71,0.8778853589250463,39.719755614234316
1525,80,0.8960605335260705,42.248558737329965
1526,88,0.8997577783668351,45.498330006239975
1527,94,0.9620982941265472,46.84362309368146
1528,76,0.9433792919308678,41.509569394996774
1529,79,1.0175435211420163,45.48591432037774
1530,78,0.9726297843613151,44.82160227136156
1531,80,1.0003372505860118,47.88414143788932
1532,82,0.9302476527882819,45.018426638190476
1533,74,0.9036786369339542,43.03658820861858
1534,74,0.9103413382234743,41.15239006775843
1535,73,0.8792899441819317,42.53988718643718
1536,74,0.9232589239230629,43.757929577593316
1537,73,0.8950872294527751,42.79842417489513
1538,84,0.920095674143649,45.40332235718262
1539,91,0.9737907576682274,49.75163683263741
1540,68,0.8419792312106259,38.13390581980215
1541,71,0.8670585218890777,40.43605063123736
1542,70,0.8898222693801984,42.44787263990958
1543,81,0.9527860029880222,45.43549970179061
1544,73,0.9937175757740144,40.99639970082024
1545,85,0.9131323042715481,42.058351336272224
1546,73,0.9067194095170065,39.44596104531272
1547,82,0.934507094459655,44.59266014985909
1548,78,0.9073248544622489,42.83917260054411
1549,76,0.866456638298653,43.76982485748948
1550,76,0.8981051684684268,44.49383783661943
1551,71,0.8480418240759279,41.982167326096345
1552,77,0.9298031926532884,41.67179911800287
1553,75,0.8862149629637358,40.63434499166543
1554,79,0.9942879717719503,47.03217590771787
1555,83,1.0260186514195,49.084864900323616
1556,69,0.905774551586323,40.33871025927225
1557,68,0.9504747991464945,41.729929988087015
1558,98,0.9730762559019079,47.640975373857835
1559,80,0.8935295068393183,41.97719556680377
1560,93,0.9200674141107911,46.86836104010295
1561,79,0.9417497336698637,40.978658372960155
1562,77,0.9509502986248721,41.331542595091214
1563,69,0.9480253033830436,40.55323104891627
1564,71,0.8633751837720661,41.387174690527985
1565,87,0.9415387640937056,42.17458094935467
1566,87,0.9653346943317931,45.89408479387888
1567,87,0.9039808439028001,46.46622402246359
1568,74,0.9329613775526077,40.00215377840224
1569,82,0.980087061400391,46.12617931181354
1570,80,0.9625342331971926,47.18003324450209
1571,89,1.018119896535861,48.75448548203625
1572,88,1.0266261716705194,50.95487907565746
1573,81,0.9508237181425777,43.57600178265736
1574,73,0.9607861779320199,41.763159669227576
1575,83,0.8408453966347113,39.28269432009849
1576,77,0.967680511691809,42.47320706418042
1577,72,0.8752216530867473,35.58140884659813
1578,82,0.9750973968309576,46.241319280119384
1579,79,0.8793516918748047,37.488008879731694
1580,77,0.9004077859058334,43.938441394905574
1581,83,0.9722731559478766,45.959228705254205
1582,70,0.9587459582079594,42.172029133746754
1583,84,0.9141249945581739,43.856868519529876
1584,95,0.9848257300442278,47.86595220799451
1585,87,0.9786656149181095,46.13335372488397
1586,74,0.8807333035181616,43.07806184442799
1587,87,0.9918138550883097,46.08934382917043
1588,86,0.9777093493229393,46.63284965328056
1589,74,0.8658168314473634,42.742809983776894
1590,75,0.9117036151213823,43.25363300809385
1591,81,0.9154937708920823,41.955951783148286
1592,83,0.8970538062617944,44.850902161534556
1593,78,0.8680134736420272,43.865798167108586
1594,69,0.9444554636266735,40.763574741889634
1595,81,0.9917506781608851,45.21555628502659
1596,75,0.9355576315942715,41.329004539844505
1597,82,0.9046857720152598,42.299726356327696
1598,80,0.9482654960540785,44.06623930987461
1599,81,0.9460628323117094,45.439649636091026
1600,78,0.932487597151573,42.511675503844415
1601,77,0.8874883154923507,44.95632101315754
1602,80,0.8859599981027899,42.70357530941853
1603,77,0.8828815878254801,41.23927620623644
1604,74,0.8659764600097349,39.4134087982512
1605,85,0.9843928155656577,46.51180269282419
1606,85,0.9429665064312318,43.99569913888392
1607,82,0.9279301913990938,43.155409648015585
1608,77,0.8936598254234422,42.58177503626058
1609,87,1.0769228843011425,49.6758248295514
1610,80,0.9434397281964854,43.695878030539866
1611,73,1.0167293641493953,45.45792052075475
1612,82,0.9036658269766441,39.20833009821908
1613,72,0.9156969568789037,44.681932658567035
1614,69,0.8482905828228247,40.269413308693274
1615,65,0.8898668326050072,37.433855117205525
1616,69,0.9621290277042017,42.08577633957843
1617,80,0.913371160853545,46.54631918005124
1618,78,0.8808827801285127,37.59062624402792
1619,88,1.0800084655882944,51.55068715472522
1620,78,0.9048489698538763,44.502287458776735
1621,78,0.9031609743627179,44.7348285995446
1622,80,0.9853031129553308,47.063839362708805
1623,76,0.932661529635212,42.487417366085126
1624,75,0.8600272955342145,42.189086923151976
1625,78,0.9697638660268729,45.37759550673404
1626,84,0.8906977309096579,40.25962787463478
1627,61,0.8528823647104675,37.04573667660384
1628,89,1.0065165149547075,47.467411127432925
1629,76,0.8931552566126222,43.983170958049584
1630,84,0.9316882527789844,42.88773951951787
1631,77,0.9429792364002411,43.457873169339976
1632,80,0.9499074342555703,44.318630210457535
1633,83,0.926439629391578,45.05685632097276
1634,69,0.90393436059536,39.04981163862523
1635,78,0.8852026842900066,41.668824579998514
1636,91,1.0327886845632948,50.966761352440926
1637,70,0.8822176844744007,39.428084500659686
1638,81,0.9140539283534712,42.19895416068685
1639,91,0.9520465841129764,46.13621915694681
1640,70,0.853910947900277,38.54893504694261
1641,80,0.8630790630052785,39.8512888272183
1642,78,0.8614849782921898,38.02820627664358
1643,84,0.9924439026038324,45.554578209660136
1644,80,0.8662877508734124,42.20091142590691
1645,81,0.9713351474377138,44.852105156535735
1646,82,0.9337380718765425,45.7231049554244
1647,80,1.0112000441834588,50.1816697382322
1648,80,0.9431882166057486,43.76510110186913
1649,74,0.9484241508394123,41.70133419297785
1650,92,0.980706174487044,48.571927242485856
1651,74,0.9011795378124298,40.534238417170336
1652,76,0.9277278958356001,40.36657252928387
1653,81,1.0020548222403503,47.556910254988004
1654,84,0.9161549542878336,39.76817885036413
1655,63,0.827277867404436,36.32323836602069
1656,71,0.9066062255490955,39.83532333326535
1657,87,0.9597894823855598,44.66076208855346
1658,90,0.9752714617168273,45.0621481215387
1659,80,0.958634928346845,46.12457636866142
1660,83,0.9188101763194252,40.60968173083431
1661,82,0.9309050204765625,42.012266423054825
1662,79,0.943306993685926,43.552710296056595
1663,77,0.9536228204282636,43.63105324286251
1664,69,0.9350412982562198,45.1014767761559
1665,70,0.8638026558625362,41.443620394096136
1666,81,0.9398061996081138,42.216449423750724
1667,79,0.9337008370818343,47.222416174052725
1668,89,0.9978156549976336,46.130220618193626
1669,94,0.9320101367580607,48.40132064615834
1670,66,0.902177705642357,39.70306155716974
1671,83,0.9641419563239185,44.36069040789068
1672,79,0.9371684839073734,41.18283128285519
1673,80,0.9427966552256564,44.076477044281816
1674,80,0.9200214835292088,43.38747245648823
1675,82,0.9186496047228278,43.77569043736079
1676,71,0.8814474892695912,41.71576835222401
1677,89,0.9476318101540672,46.1414506271736
1678,77,0.9374938028759318,44.138004993389885
1679,83,0.8920004940114373,39.58960329192522
1680,94,0.9616225794797331,47.3506779936972
1681,94,0.9092288945068918,43.779086109869525
1682,83,1.0081005099748597,50.474706397205466
1683,77,0.9142077907651861,41.54099944062446
1684,74,0.9519708692208321,42.713509987001885
1685,80,0.9533630109497875,47.91584930072202
1686,83,0.9204869075712291,43.97288735615878
1687,84,0.8976831265292278,43.30338785392446
1688,89,1.0216063382246234,49.77888620004938
1689,85,0.9718425590690734,43.5730303168339
1690,81,0.9226733524666246,45.430561673590034
1691,95,1.0184973091332377,50.60219412153044
1692,79,0.8768781446139714,43.82742459985459
1693,66,0.8618479412743305,38.26910326237676
1694,79,0.9453080983474771,45.82234239563291
1695,89,0.9330826681908309,45.808850321305876
1696,78,0.8779052539296093,40.85157932502589
1697,85,0.9166267841527461,41.270515616404474
1698,75,0.878606692659412,42.47132047675248
1699,73,0.9553487247266245,43.4887429715915
1700,81,0.9436443199640705,42.798064420411386
1701,72,0.8649429687073583,42.49816089469834
1702,88,0.9326279329580403,46.4055370450701
1703,77,0.9978256404840743,43.03041040817743
1704,92,0.9282976948896361,44.21068714683264
1705,85,0.927145097467438,43.929681192016226
1706,78,0.9712864944880789,46.328578449320226
1707,81,0.9450163653094374,45.09864005222385
1708,80,1.0623971352772301,45.2476522274619
1709,78,0.993554861825395,44.97355463818258
1710,78,0.9891538112518142,45.463425507276206
1711,71,0.8685855781129519,43.60017430013947
1712,94,0.9190066380447979,47.75067263581997
1713,63,0.8883949277079799,38.4349532694598
1714,71,0.9219919223014861,41.58680108327554
1715,82,0.8518674087780055,38.14453739741296
1716,70,0.9062673328270693,42.71252915269607
1717,76,0.8715574375057888,36.768105201240125
1718,90,0.9903588120115926,46.69052637892408
1719,69,0.8999632848486865,36.36755667575984
1720,84,0.9300229573365032,45.370053560997036
1721,72,0.9065987143653857,40.96227585425464
1722,81,1.005423995314512,42.41647997767482
1723,78,0.9355586852805711,40.676588235238796
1724,94,0.9712453701836385,49.945700293347905
1725,82,0.9310867590569427,45.544138620255254
1726,93,0.9220621997883789,44.533540434353625
1727,73,0.8880018768338405,43.744982247938104
1728,91,0.9913390029878517,46.60072079409857
1729,77,0.945561213827938,42.171490428979965
1730,81,0.8735983985382585,42.16649756421662
1731,83,0.9349299931079004,41.9717722324846
1732,79,1.0006992255979832,45.66329680313365
1733,72,0.9777384109119719,44.58706473958193
1734,80,0.9879253682511482,47.90899459480788
1735,76,0.9418550830755594,42.91305335421903
1736,76,0.9687922568646548,45.9076097030113
1737,81,0.9111777142138187,43.33073022389171
1738,81,0.9086034470564175,43.47175143967257
1739,74,0.9076158230803648,40.3162029832846
1740,80,0.8794150856102864,40.40746438582757
1741,71,0.9482407097255808,42.164624003045574
1742,83,0.900378109260997,45.543685309092815
1743,76,0.9555879822642959,43.05157126049802
1744,75,0.9448294677816169,40.34381674762351
1745,91,0.945756938048276,47.33047427861284
1746,85,1.0215421372402653,48.768877996733245
1747,88,0.9324117410052716,42.735941148173296
1748,76,0.9458649934297354,41.40488879049011
1749,87,0.9320639724211197,47.8521300138824
1750,89,1.003128435051359,49.26515121201511
1751,71,0.9677115961864341,43.082370444656824
1752,82,0.8806680159314757,42.71246164510696
1753,89,0.9243722758945195,44.62348080850875
1754,75,0.9028474632387669,42.21477803743286
1755,64,0.9162699100493915,40.402301958610245
1756,93,1.0165821178645618,48.395791838341836
1757,79,0.9444156578766664,42.591120221609344
1758,81,0.9382218766151275,43.73306319333264
1759,86,0.9591544894997387,46.97885557782468
1760,94,1.0256797560517135,49.21494942743294
1761,84,0.951373808776366,42.54091010661034
1762,80,0.9416982419256343,41.52136640385238
1763,92,1.0484724385618767,48.83169062127704
1764,77,0.8976342711523168,43.62498865387535
1765,81,0.9108554774770663,41.829383978675295
1766,81,0.9683836597020801,45.58425418997517
1767,77,0.9514277851495254,44.89993847625291
1768,81,1.0468003426367711,46.847827871379785
1769,83,1.024150134020878,44.42378239464265
1770,80,0.9114614299756231,42.210244193476555
1771,86,0.9992059537092248,44.597691903515134
1772,70,0.9245481887588827,43.17170811987998
1773,75,0.931881179228466,44.744466156145414
1774,82,0.9302299467947975,45.59470768514974
1775,69,0.8415499621970852,39.733958994471536
1776,75,0.9428245025059193,43.553312524919676
1777,74,0.9508446342000726,42.81724942486076
1778,69,0.952603733638004,40.91196918641488
1779,91,0.9045497891833748,43.32163143391902
1780,78,0.9870747693647574,43.10145097873871
1781,86,0.9379729494321273,47.97870452786901
1782,81,0.9657766776912621,47.09132081951184
1783,75,0.9538726012687291,44.19452811630076
1784,75,0.909698201761037,41.98521392544931
1785,69,0.8397131504856057,38.508987599114214
1786,74,0.915300651885317,41.90973450762043
1787,76,1.002543443655687,45.21171568155287
1788,72,0.9875577804582164,42.88712069190472
1789,67,0.9644901888407024,44.024002121529385
1790,80,0.93676718654685,45.04436426177052
1791,85,0.9872991458137672,47.699177333367984
1792,71,0.9195932018814309,41.68290590815517
1793,71,0.8449701977008747,41.415682300718
1794,79,0.9722415906205009,45.716633286642264
1795,75,0.9081965980967138,43.45229841496058
1796,73,0.9607236339219024,43.4007828848082
1797,83,1.011517855090707,46.62918104006418
1798,80,0.9108058160815454,45.960888366067906
1799,92,0.9977030478505233,48.967098565066614
1800,88,0.9190878824560375,45.184482396752706
1801,74,0.9513936066076593,41.19182814963801
1802,83,0.9097589663797968,42.7799427274507
1803,76,0.8656004082499594,40.485489593510735
1804,87,1.0045556157586302,47.20021222415765
1805,83,0.9995596893010223,45.57746324958885
1806,80,0.9428273917494521,48.1396927698579
1807,77,0.9282558446113768,46.693583093215224
1808,98,0.9762035547073332,50.97456278277888
1809,80,0.8664426373159398,41.60606756914849
1810,81,0.8992372435554067,43.15940705264837
1811,74,0.9596609259693932,43.35265971550007
1812,82,1.0499594517217155,44.578120795486214
1813,67,0.8884765605231818,41.0727745164072
1814,78,0.9461476719927413,43.09959222504833
1815,80,0.9756058224539194,43.57331186162267
1816,82,0.9007712037720866,42.480520724994555
1817,82,0.8989279800171295,45.38019363081182
1818,79,0.9340271287061007,46.084375863415175
1819,76,0.962588104054323,45.156727357227965
1820,73,0.8517060813593416,40.81453199177204
1821,71,0.9096457015269619,42.585849498226246
1822,74,0.8945489385013176,42.780516522812555
1823,73,0.9488381782083529,42.850679120418484
1824,80,0.888832754766741,44.988134659402895
1825,78,0.8688167979144472,40.334756971866824
1826,82,0.9712840759820545,45.02838548982446
1827,76,1.0223815122629916,47.095418453546124
1828,76,0.9188788686249922,38.58360890931615
1829,63,0.9187581878280849,40.11118031910778
1830,87,1.0362660760558569,44.264560282958506
1831,78,0.9240343249709426,43.44503640484385
1832,81,0.935168853633328,47.20854984948713
1833,75,0.9519079449564932,45.90405629275347
1834,74,0.9013740527345843,45.352347366095415
1835,70,0.8978870163867972,40.9948058328182
1836,83,1.022048921563154,49.86474668892572
1837,95,0.9219377050781334,47.387037451195766
1838,80,0.9162435770472016,42.624245135339926
1839,76,0.9563267687936046,44.50949574775783
1840,94,1.0133200760348575,50.82097575671651
1841,75,0.9264263185255338,41.146590322700334
1842,70,0.8761335106472016,39.18886619800551
1843,91,1.014140762313644,49.184503599862545
1844,81,0.9787551594153509,43.63764919708138
1845,68,0.8577129169570589,37.83736170123457
1846,87,0.977976622738616,49.48611644097903
1847,88,0.9800221665721679,46.22347061607098
1848,92,0.9539221682609221,44.90427160378796
1849,86,0.9124941443894685,45.66945927455969
1850,98,0.9744430908083668,48.34973703733072
1851,79,0.9588003864765636,45.58198571857368
1852,64,0.9186502604073153,40.7128566861351
1853,81,0.9389566892059618,43.980994404353865
1854,71,0.9125094903628195,45.158293621413094
1855,72,0.9108368179996041,38.05032308141102
1856,83,0.8974025008201633,43.6678314561034
1857,90,1.0361920820264183,48.402567772236836
1858,79,0.9688996840944636,45.85254641915146
1859,84,1.0066671456829246,50.06365767202079
1860,85,0.9733673113879174,50.73205139654592
1861,92,0.8864785743167112,42.52953141733031
1862,82,1.0026631196866636,44.05232083190964
1863,76,0.9441457150166664,43.04585252157544
1864,86,0.9922026797612477,46.548657919826056
1865,75,0.9136067564672359,41.478689890941766
1866,73,1.0213105948876908,45.28862111466603
1867,79,0.9274495051245073,42.75021782283123
1868,74,0.9239836388457848,42.40228812652366
1869,85,0.9420089962649816,46.29370332312349
1870,84,0.8711279432376923,45.21287719375478
1871,82,0.9599673091078724,47.565827014235374
1872,69,0.947991767730007,42.45179130170421
1873,74,0.8500451299192129,42.25793005346974
1874,74,0.9320437147405104,43.45055874978324
1875,83,0.9949032596575369,43.83123928003531
1876,85,0.9245003720678318,42.91422274624611
1877,88,0.8931366818603136,45.65064330214318
1878,71,0.9069655968119581,38.41767235270138
1879,74,0.9294967769233584,43.88563847248494
1880,74,0.8691654336640852,43.267099613713214
1881,76,0.9062015335246295,41.64658582431061
1882,84,0.934603975590939,43.6735839923622
1883,92,0.9882005133554048,49.11844726701811
1884,78,0.9116892279056389,41.75672860418166
1885,88,0.9113928476887432,44.791644892355414
1886,73,0.9125903587969268,41.71216872167457
1887,74,0.9113392181062066,42.19735569812837
1888,79,0.9729026323244914,43.350641364261094
1889,69,0.8487492567957616,38.53218674034969
1890,75,0.8711285056520669,44.66458653851666
1891,80,0.8975825643862956,44.0263216248771
1892,75,1.029738177703727,44.905332264424324
1893,90,0.935611593258288,45.98984688067436
1894,73,0.9030325765866261,44.455387471820906
1895,80,0.9331692356374625,41.921136964416185
1896,93,0.9107913820477724,46.19873702465554
1897,82,0.8881846978729425,43.95841275450797
1898,78,0.8736567641292674,45.30707656814999
1899,72,0.871660168558543,38.83202040549392
1900,94,0.9312972624350087,47.56955075374389
1901,72,0.9023586131239496,40.900947608633324
1902,74,0.8876575588723404,43.137050844316605
1903,64,0.9619728410887686,41.70605154745359
1904,77,0.9363391018609895,41.913197177321656
1905,79,1.0095593116868051,46.61541304173209
1906,69,0.8869901922200989,39.82326171706291
1907,83,0.9578041640230194,48.95779797093694
1908,79,0.8772266438604914,44.43367210707279
1909,66,0.9650485790630684,39.323386328275504
1910,78,0.910201986870132,45.566938411029895
1911,75,0.9053216839291722,45.39725437716843
1912,85,0.9880656947998754,44.11821771420739
1913,87,0.9604328495440823,44.32332120623732
1914,79,0.9455655719836104,45.81716668833899
1915,66,0.849040004188494,38.17015836224237
1916,85,0.8941795881913175,43.240581848938376
1917,76,0.8936071915414779,42.00447940496528
1918,76,0.9322671573035038,43.681490173262944
1919,71,0.9196891863963229,43.63613676996974
1920,74,0.9103316271754589,42.346824270850234
1921,78,0.8237839065673723,40.40974645462922
1922,83,1.0075803360562865,43.92936343869806
1923,89,1.0339800099147187,48.892376080603455
1924,90,0.896469546284129,42.451611443670814
1925,68,0.8118552050732805,38.418920711219485
1926,75,0.9720955542116649,45.95750108165631
1927,85,0.9727762727924213,46.048839972989995
1928,84,0.8344255366060139,42.71869218285289
1929,84,0.9966579635507417,42.697470619571725
1930,67,0.943792584587114,45.77835849876171
1931,77,1.0035716026206645,45.43075451026817
1932,73,0.8934142461797133,42.47852062963021
1933,80,0.9164551315505322,41.02030281758097
1934,85,0.9562111645724762,47.97143908689917
1935,73,0.8780312335086484,42.37854301831012
1936,82,0.9604422356806505,44.659318444125375
1937,77,0.9456408171981697,43.19156327802647
1938,71,0.9501716696553756,41.98201031105005
1939,96,0.9948436227719656,50.33437448744061
1940,78,0.9207663000307212,39.890235026985835
1941,74,0.9410219296206267,43.43190689539773
1942,86,0.970798968101726,47.41882802493775
1943,82,1.0111559603031401,47.58765068448802
1944,71,0.9420990942711722,40.29046826548764
1945,82,0.9035168755389624,41.29742280107573
1946,80,0.9463286954341913,45.31047254232211
1947,79,0.9834127224543603,42.198081155162185
1948,86,0.9492507317884514,48.13071843607976
1949,90,0.9934645879554165,48.79980472193716
1950,83,0.9159960878100515,44.80101935397211
1951,87,0.9437081819454111,43.59263924563331
1952,78,0.8989964577026609,45.37487820627937
1953,73,0.9322244218225744,46.3791584648465
1954,77,0.9458455814104278,42.98204898706899
1955,75,0.8972846665245515,40.23020536005224
1956,83,0.9230599359520113,45.45370885686579
1957,77,0.863703954826834,40.1643706171758
1958,85,0.967497482617893,47.758510897799724
1959,66,0.9095427448152824,40.3473767126476
1960,76,0.9126928759750571,40.71530381640541
1961,82,0.9225389716699022,44.38818280479327
1962,70,0.8779362452520508,41.32572150948352
1963,76,0.8729170337149612,40.63717513389172
1964,57,0.8960154716429697,38.07519111066174
1965,69,0.9948737422083429,43.829058654193574
1966,83,0.9842232841005063,45.462567342564604
1967,99,0.9823954751203273,51.151849203984604
1968,72,0.8957687733703696,42.57665197068053
1969,77,0.9344492918988351,47.00654186058146
1970,84,0.9821909741247512,45.492015162588
1971,100,0.9223884978002986,51.49854159937269
1972,71,0.942059236701003,39.620012222493166
1973,71,0.9605648987730097,46.37290565108329
1974,97,1.0212865527799555,49.63354281402279
1975,73,0.8833637094705094,39.64267107658544
1976,72,0.9000859751535325,42.29527106585639
1977,71,0.9113525597429617,39.796936507355284
1978,79,0.9750194548607088,45.06886225524008
1979,79,0.9222672025022967,42.19376772121717
1980,95,1.0256507343128431,48.37149319176078
1981,87,0.9273587257543845,41.864230129118404
1982,85,1.0109847153243956,51.8038836534079
1983,82,0.9165656371947372,41.0896737718624
1984,76,0.9359460857018651,41.99169820896378
1985,88,0.9616266523534528,49.20112117823991
1986,75,0.961065222181201,44.2199160947427
1987,75,0.9495987796585933,42.38587875787225
1988,83,0.914114412661034,42.44802529678392
1989,74,0.9399473045164691,40.584969261806094
1990,68,1.0488261852843903,44.110527958729
1991,82,0.9957693067638669,47.832353388813516
1992,90,0.948606606077222,46.021262804993334
1993,74,0.8911683219993477,41.6462170577229
1994,87,0.9906388382838204,49.1699611285833
1995,77,0.9644280111899299,46.253000827792306
1996,75,0.9570667708172952,46.01549097893324
1997,89,0.9382475621548234,46.8777361311119
1998,79,0.8919334036125041,43.11352489638014
1999,79,0.9407771627448042,43.05391273416973
